-- MySQL dump 10.13  Distrib 8.0.35, for Linux (x86_64)
--
-- Host: localhost    Database: test
-- ------------------------------------------------------
-- Server version	8.0.35-0ubuntu0.22.04.1

/*!40101 SET @OLD_CHARACTER_SET_CLIENT=@@CHARACTER_SET_CLIENT */;
/*!40101 SET @OLD_CHARACTER_SET_RESULTS=@@CHARACTER_SET_RESULTS */;
/*!40101 SET @OLD_COLLATION_CONNECTION=@@COLLATION_CONNECTION */;
/*!50503 SET NAMES utf8mb4 */;
/*!40103 SET @OLD_TIME_ZONE=@@TIME_ZONE */;
/*!40103 SET TIME_ZONE='+00:00' */;
/*!40014 SET @OLD_UNIQUE_CHECKS=@@UNIQUE_CHECKS, UNIQUE_CHECKS=0 */;
/*!40014 SET @OLD_FOREIGN_KEY_CHECKS=@@FOREIGN_KEY_CHECKS, FOREIGN_KEY_CHECKS=0 */;
/*!40101 SET @OLD_SQL_MODE=@@SQL_MODE, SQL_MODE='NO_AUTO_VALUE_ON_ZERO' */;
/*!40111 SET @OLD_SQL_NOTES=@@SQL_NOTES, SQL_NOTES=0 */;

--
-- Table structure for table `carbonmap`
--

DROP TABLE IF EXISTS `carbonmap`;
/*!40101 SET @saved_cs_client     = @@character_set_client */;
/*!50503 SET character_set_client = utf8mb4 */;
CREATE TABLE `carbonmap` (
  `year` int DEFAULT NULL,
  `month` int DEFAULT NULL,
  `city` char(10) DEFAULT NULL,
  `amount` bigint DEFAULT NULL
) ENGINE=InnoDB DEFAULT CHARSET=utf8mb4 COLLATE=utf8mb4_0900_ai_ci;
/*!40101 SET character_set_client = @saved_cs_client */;

--
-- Dumping data for table `carbonmap`
--

LOCK TABLES `carbonmap` WRITE;
/*!40000 ALTER TABLE `carbonmap` DISABLE KEYS */;
INSERT INTO `carbonmap` VALUES (2020,2,'新北市',1887016499),(2020,2,'桃園市',2548801369),(2020,2,'高雄市',2584821847),(2020,2,'基隆市',158451206),(2020,2,'新竹市',825598088),(2020,2,'嘉義市',123633207),(2020,2,'新竹縣',847311416),(2020,2,'苗栗縣',625137730),(2020,2,'彰化縣',1043612740),(2020,2,'南投縣',331026046),(2020,2,'雲林縣',557026497),(2020,2,'嘉義縣',301868226),(2020,2,'屏東縣',510816288),(2020,2,'花蓮縣',247460694),(2020,2,'宜蘭縣',341854064),(2020,2,'澎湖縣',39083620),(2020,2,'金門縣',27545035),(2020,2,'連江縣',8360582),(2018,9,'新北市',2650495699),(2018,9,'桃園市',2974691157),(2018,9,'高雄市',3110395313),(2018,9,'基隆市',203207654),(2018,9,'新竹市',982503770),(2018,9,'嘉義市',160622394),(2018,9,'新竹縣',1000925347),(2018,9,'苗栗縣',760102828),(2018,9,'彰化縣',1212607501),(2018,9,'南投縣',352752206),(2018,9,'雲林縣',670768375),(2018,9,'嘉義縣',370956594),(2018,9,'屏東縣',584092231),(2018,9,'花蓮縣',282646033),(2018,9,'宜蘭縣',405465210),(2018,9,'澎湖縣',59643498),(2018,9,'金門縣',44266168),(2018,9,'連江縣',8298852),(2020,10,'新北市',2397617724),(2020,10,'桃園市',3090563592),(2020,10,'高雄市',3018400208),(2020,10,'基隆市',198583311),(2020,10,'新竹市',976314446),(2020,10,'嘉義市',155053143),(2020,10,'新竹縣',982763744),(2020,10,'苗栗縣',748779426),(2020,10,'彰化縣',1234606806),(2020,10,'南投縣',372176014),(2020,10,'雲林縣',656747130),(2020,10,'嘉義縣',363361080),(2020,10,'屏東縣',581218209),(2020,10,'花蓮縣',280703186),(2020,10,'宜蘭縣',395116593),(2020,10,'澎湖縣',53231169),(2020,10,'金門縣',36206925),(2020,10,'連江縣',9326211),(2021,2,'新北市',1895023500),(2021,2,'桃園市',2443689397),(2021,2,'高雄市',2457336570),(2021,2,'基隆市',160136270),(2021,2,'新竹市',807260687),(2021,2,'嘉義市',123696280),(2021,2,'新竹縣',832123210),(2021,2,'苗栗縣',663130460),(2021,2,'彰化縣',1010508073),(2021,2,'南投縣',328082642),(2021,2,'雲林縣',549128430),(2021,2,'嘉義縣',307883877),(2021,2,'屏東縣',509088510),(2021,2,'花蓮縣',249020104),(2021,2,'宜蘭縣',329198934),(2021,2,'澎湖縣',38999737),(2021,2,'金門縣',27753657),(2021,2,'連江縣',8313036),(2020,9,'新北市',2729917530),(2020,9,'桃園市',2997478205),(2020,9,'高雄市',3199690889),(2020,9,'基隆市',206198736),(2020,9,'新竹市',1026875963),(2020,9,'嘉義市',167060583),(2020,9,'新竹縣',1001009249),(2020,9,'苗栗縣',781660283),(2020,9,'彰化縣',1280003189),(2020,9,'南投縣',361696862),(2020,9,'雲林縣',687206806),(2020,9,'嘉義縣',389033451),(2020,9,'屏東縣',625452985),(2020,9,'花蓮縣',283960024),(2020,9,'宜蘭縣',422486835),(2020,9,'澎湖縣',68120986),(2020,9,'金門縣',43344744),(2020,9,'連江縣',9835040),(2018,6,'新北市',2216721004),(2018,6,'桃園市',2918654489),(2018,6,'高雄市',2907176830),(2018,6,'基隆市',179763818),(2018,6,'新竹市',930731197),(2018,6,'嘉義市',150173292),(2018,6,'新竹縣',982292672),(2018,6,'苗栗縣',713228534),(2018,6,'彰化縣',1171575789),(2018,6,'南投縣',359796234),(2018,6,'雲林縣',644813524),(2018,6,'嘉義縣',349878217),(2018,6,'屏東縣',563281628),(2018,6,'花蓮縣',266621208),(2018,6,'宜蘭縣',369079139),(2018,6,'澎湖縣',51568316),(2018,6,'金門縣',34615813),(2018,6,'連江縣',6632987),(2017,8,'新北市',2548909750),(2017,8,'桃園市',3175840936),(2017,8,'高雄市',2978933242),(2017,8,'基隆市',213779347),(2017,8,'新竹市',992905218),(2017,8,'嘉義市',155699360),(2017,8,'新竹縣',1054823370),(2017,8,'苗栗縣',760986727),(2017,8,'彰化縣',1222265735),(2017,8,'南投縣',375148878),(2017,8,'雲林縣',648333871),(2017,8,'嘉義縣',348595628),(2017,8,'屏東縣',576595205),(2017,8,'花蓮縣',285376901),(2017,8,'宜蘭縣',411982405),(2017,8,'澎湖縣',54347713),(2017,8,'金門縣',39028712),(2017,8,'連江縣',9914555),(2017,4,'新北市',1913353184),(2017,4,'桃園市',2634942547),(2017,4,'高雄市',2593379154),(2017,4,'基隆市',161902679),(2017,4,'新竹市',844834911),(2017,4,'嘉義市',124238888),(2017,4,'新竹縣',870208678),(2017,4,'苗栗縣',695684257),(2017,4,'彰化縣',1018580375),(2017,4,'南投縣',325967459),(2017,4,'雲林縣',562498301),(2017,4,'嘉義縣',311264561),(2017,4,'屏東縣',497037519),(2017,4,'花蓮縣',249575197),(2017,4,'宜蘭縣',335221473),(2017,4,'澎湖縣',41522351),(2017,4,'金門縣',29390288),(2017,4,'連江縣',7634537),(2018,11,'新北市',2123866698),(2018,11,'桃園市',2667632193),(2018,11,'高雄市',2996002142),(2018,11,'基隆市',165105290),(2018,11,'新竹市',888622531),(2018,11,'嘉義市',138093092),(2018,11,'新竹縣',900844251),(2018,11,'苗栗縣',649046564),(2018,11,'彰化縣',1118467301),(2018,11,'南投縣',326877166),(2018,11,'雲林縣',610239481),(2018,11,'嘉義縣',350482285),(2018,11,'屏東縣',550013546),(2018,11,'花蓮縣',256168019),(2018,11,'宜蘭縣',348379644),(2018,11,'澎湖縣',45404145),(2018,11,'金門縣',35634681),(2018,11,'連江縣',6803752),(2017,6,'新北市',2082091051),(2017,6,'桃園市',2836449443),(2017,6,'高雄市',2776198264),(2017,6,'基隆市',172177887),(2017,6,'新竹市',909986868),(2017,6,'嘉義市',139300971),(2017,6,'新竹縣',951166961),(2017,6,'苗栗縣',685024438),(2017,6,'彰化縣',1101835867),(2017,6,'南投縣',337320148),(2017,6,'雲林縣',601097103),(2017,6,'嘉義縣',338559415),(2017,6,'屏東縣',540428616),(2017,6,'花蓮縣',255163892),(2017,6,'宜蘭縣',335234628),(2017,6,'澎湖縣',49667290),(2017,6,'金門縣',32499068),(2017,6,'連江縣',8144029),(2021,5,'新北市',2106288195),(2021,5,'桃園市',2897066213),(2021,5,'高雄市',3072158036),(2021,5,'基隆市',158579785),(2021,5,'新竹市',994235258),(2021,5,'嘉義市',138308841),(2021,5,'新竹縣',949078075),(2021,5,'苗栗縣',789621750),(2021,5,'彰化縣',1200556462),(2021,5,'南投縣',343287078),(2021,5,'雲林縣',643895587),(2021,5,'嘉義縣',359455468),(2021,5,'屏東縣',584786084),(2021,5,'花蓮縣',263280370),(2021,5,'宜蘭縣',362058035),(2021,5,'澎湖縣',53715091),(2021,5,'金門縣',34887354),(2021,5,'連江縣',10048456),(2017,9,'新北市',2694000386),(2017,9,'桃園市',3076901411),(2017,9,'高雄市',3096218182),(2017,9,'基隆市',207744575),(2017,9,'新竹市',992072558),(2017,9,'嘉義市',164552370),(2017,9,'新竹縣',1021140160),(2017,9,'苗栗縣',784309331),(2017,9,'彰化縣',1224296861),(2017,9,'南投縣',356808827),(2017,9,'雲林縣',662751162),(2017,9,'嘉義縣',367444220),(2017,9,'屏東縣',604647463),(2017,9,'花蓮縣',296519574),(2017,9,'宜蘭縣',415832500),(2017,9,'澎湖縣',59284391),(2017,9,'金門縣',43737192),(2017,9,'連江縣',9438992),(2016,12,'新北市',2049648502),(2016,12,'桃園市',2754835916),(2016,12,'高雄市',2721056937),(2016,12,'基隆市',171995391),(2016,12,'新竹市',880432760),(2016,12,'嘉義市',136267324),(2016,12,'新竹縣',900386752),(2016,12,'苗栗縣',694991600),(2016,12,'彰化縣',1086604933),(2016,12,'南投縣',354991635),(2016,12,'雲林縣',587534013),(2016,12,'嘉義縣',318674129),(2016,12,'屏東縣',531231333),(2016,12,'花蓮縣',272146969),(2016,12,'宜蘭縣',362553802),(2016,12,'澎湖縣',38541454),(2016,12,'金門縣',30280910),(2016,12,'連江縣',8030334),(2021,12,'新北市',2126758281),(2021,12,'桃園市',2893511364),(2021,12,'高雄市',2982596348),(2021,12,'基隆市',175472558),(2021,12,'新竹市',956348704),(2021,12,'嘉義市',141667208),(2021,12,'新竹縣',952844679),(2021,12,'苗栗縣',765422987),(2021,12,'彰化縣',1204360705),(2021,12,'南投縣',367953771),(2021,12,'雲林縣',631388341),(2021,12,'嘉義縣',372666176),(2021,12,'屏東縣',573400111),(2021,12,'花蓮縣',270264322),(2021,12,'宜蘭縣',383375905),(2021,12,'澎湖縣',43673779),(2021,12,'金門縣',32201009),(2021,12,'連江縣',6781777),(2022,1,'新北市',465043770),(2022,1,'桃園市',451727600),(2022,1,'高雄市',424714970),(2022,1,'基隆市',54593840),(2022,1,'新竹市',65354360),(2022,1,'嘉義市',43111010),(2022,1,'新竹縣',126097810),(2022,1,'苗栗縣',134292850),(2022,1,'彰化縣',212453490),(2022,1,'南投縣',107457940),(2022,1,'雲林縣',155211310),(2022,1,'嘉義縣',108952610),(2022,1,'屏東縣',159564870),(2022,1,'花蓮縣',62851460),(2022,1,'宜蘭縣',88373610),(2022,1,'澎湖縣',10270370),(2022,1,'金門縣',9039750),(2022,1,'連江縣',3387230),(2018,10,'新北市',2326494341),(2018,10,'桃園市',2898728362),(2018,10,'高雄市',2971977024),(2018,10,'基隆市',194031466),(2018,10,'新竹市',928362414),(2018,10,'嘉義市',143874483),(2018,10,'新竹縣',973957743),(2018,10,'苗栗縣',698106816),(2018,10,'彰化縣',1179634541),(2018,10,'南投縣',357634759),(2018,10,'雲林縣',627739258),(2018,10,'嘉義縣',346890631),(2018,10,'屏東縣',539688930),(2018,10,'花蓮縣',270456513),(2018,10,'宜蘭縣',374056820),(2018,10,'澎湖縣',44828286),(2018,10,'金門縣',35514015),(2018,10,'連江縣',8961092),(2020,12,'新北市',1973113382),(2020,12,'桃園市',2712045553),(2020,12,'高雄市',2814617328),(2020,12,'基隆市',163304216),(2020,12,'新竹市',895539083),(2020,12,'嘉義市',131719209),(2020,12,'新竹縣',904170366),(2020,12,'苗栗縣',751583170),(2020,12,'彰化縣',1144372948),(2020,12,'南投縣',351657615),(2020,12,'雲林縣',591752698),(2020,12,'嘉義縣',336724164),(2020,12,'屏東縣',540439355),(2020,12,'花蓮縣',261095264),(2020,12,'宜蘭縣',350664240),(2020,12,'澎湖縣',41513136),(2020,12,'金門縣',28783207),(2020,12,'連江縣',7736842),(2022,9,'新北市',469714630),(2022,9,'桃園市',461341530),(2022,9,'高雄市',432460760),(2022,9,'基隆市',53005260),(2022,9,'新竹市',67031750),(2022,9,'嘉義市',43805070),(2022,9,'新竹縣',127683550),(2022,9,'苗栗縣',132260730),(2022,9,'彰化縣',206733680),(2022,9,'南投縣',106196010),(2022,9,'雲林縣',150243180),(2022,9,'嘉義縣',107285560),(2022,9,'屏東縣',165495970),(2022,9,'花蓮縣',63028140),(2022,9,'宜蘭縣',87416930),(2022,9,'澎湖縣',16186970),(2022,9,'金門縣',8943110),(2022,9,'連江縣',1060900),(2017,12,'新北市',2045874588),(2017,12,'桃園市',2790751035),(2017,12,'高雄市',2759566976),(2017,12,'基隆市',172347451),(2017,12,'新竹市',856962157),(2017,12,'嘉義市',136604947),(2017,12,'新竹縣',918603924),(2017,12,'苗栗縣',704807497),(2017,12,'彰化縣',1101872200),(2017,12,'南投縣',354224941),(2017,12,'雲林縣',594757728),(2017,12,'嘉義縣',338449764),(2017,12,'屏東縣',532057153),(2017,12,'花蓮縣',265334955),(2017,12,'宜蘭縣',353871991),(2017,12,'澎湖縣',37835699),(2017,12,'金門縣',30981445),(2017,12,'連江縣',5646075),(2017,5,'新北市',2122527023),(2017,5,'桃園市',2787442102),(2017,5,'高雄市',2893102648),(2017,5,'基隆市',164852572),(2017,5,'新竹市',916393885),(2017,5,'嘉義市',140904898),(2017,5,'新竹縣',920472371),(2017,5,'苗栗縣',720529270),(2017,5,'彰化縣',1102941020),(2017,5,'南投縣',337011089),(2017,5,'雲林縣',612870683),(2017,5,'嘉義縣',338175282),(2017,5,'屏東縣',568879600),(2017,5,'花蓮縣',267884173),(2017,5,'宜蘭縣',348592353),(2017,5,'澎湖縣',54015761),(2017,5,'金門縣',35953499),(2017,5,'連江縣',6716515),(2018,8,'新北市',2600299156),(2018,8,'桃園市',3210583775),(2018,8,'高雄市',3010809254),(2018,8,'基隆市',212143553),(2018,8,'新竹市',1009151571),(2018,8,'嘉義市',159016113),(2018,8,'新竹縣',1061563567),(2018,8,'苗栗縣',770720635),(2018,8,'彰化縣',1269053785),(2018,8,'南投縣',382922010),(2018,8,'雲林縣',668131144),(2018,8,'嘉義縣',361598640),(2018,8,'屏東縣',572637317),(2018,8,'花蓮縣',288896133),(2018,8,'宜蘭縣',420206642),(2018,8,'澎湖縣',56440477),(2018,8,'金門縣',40479352),(2018,8,'連江縣',9761625),(2019,9,'新北市',2703427797),(2019,9,'桃園市',2907967743),(2019,9,'高雄市',3073906805),(2019,9,'基隆市',203100366),(2019,9,'新竹市',990063848),(2019,9,'嘉義市',162647341),(2019,9,'新竹縣',976404538),(2019,9,'苗栗縣',744156261),(2019,9,'彰化縣',1211027584),(2019,9,'南投縣',356082014),(2019,9,'雲林縣',662453140),(2019,9,'嘉義縣',366963991),(2019,9,'屏東縣',600318675),(2019,9,'花蓮縣',283606778),(2019,9,'宜蘭縣',412844167),(2019,9,'澎湖縣',63601152),(2019,9,'金門縣',47231818),(2019,9,'連江縣',10849585),(2019,10,'新北市',2434406253),(2019,10,'桃園市',2951160861),(2019,10,'高雄市',2951620537),(2019,10,'基隆市',203262947),(2019,10,'新竹市',958155177),(2019,10,'嘉義市',153544116),(2019,10,'新竹縣',978709354),(2019,10,'苗栗縣',706744680),(2019,10,'彰化縣',1208473118),(2019,10,'南投縣',375452018),(2019,10,'雲林縣',648306644),(2019,10,'嘉義縣',352926006),(2019,10,'屏東縣',575721088),(2019,10,'花蓮縣',271398480),(2019,10,'宜蘭縣',389172290),(2019,10,'澎湖縣',51733191),(2019,10,'金門縣',40612019),(2019,10,'連江縣',9889020),(2017,7,'新北市',2427005298),(2017,7,'桃園市',2987098169),(2017,7,'高雄市',3084924503),(2017,7,'基隆市',187665985),(2017,7,'新竹市',981688090),(2017,7,'嘉義市',157939985),(2017,7,'新竹縣',1006294151),(2017,7,'苗栗縣',749811237),(2017,7,'彰化縣',1196220729),(2017,7,'南投縣',351521892),(2017,7,'雲林縣',654962314),(2017,7,'嘉義縣',359915486),(2017,7,'屏東縣',608954595),(2017,7,'花蓮縣',290633645),(2017,7,'宜蘭縣',387440804),(2017,7,'澎湖縣',60247872),(2017,7,'金門縣',40688571),(2017,7,'連江縣',7868097),(2022,4,'新北市',420683760),(2022,4,'桃園市',414852110),(2022,4,'高雄市',404980790),(2022,4,'基隆市',47747280),(2022,4,'新竹市',59249700),(2022,4,'嘉義市',39513870),(2022,4,'新竹縣',114251350),(2022,4,'苗栗縣',119232660),(2022,4,'彰化縣',187682100),(2022,4,'南投縣',96946920),(2022,4,'雲林縣',144354940),(2022,4,'嘉義縣',99831220),(2022,4,'屏東縣',153388920),(2022,4,'花蓮縣',53801350),(2022,4,'宜蘭縣',77747880),(2022,4,'澎湖縣',14019500),(2022,4,'金門縣',8372270),(2022,4,'連江縣',3363230),(2021,4,'新北市',2008254591),(2021,4,'桃園市',2747473932),(2021,4,'高雄市',2828360547),(2021,4,'基隆市',162665273),(2021,4,'新竹市',863238346),(2021,4,'嘉義市',127819523),(2021,4,'新竹縣',904094720),(2021,4,'苗栗縣',732105209),(2021,4,'彰化縣',1138239025),(2021,4,'南投縣',345333469),(2021,4,'雲林縣',613023394),(2021,4,'嘉義縣',337908715),(2021,4,'屏東縣',541916615),(2021,4,'花蓮縣',253241110),(2021,4,'宜蘭縣',347993241),(2021,4,'澎湖縣',45218071),(2021,4,'金門縣',27935409),(2021,4,'連江縣',8697805),(2019,2,'新北市',1741646825),(2019,2,'桃園市',2284008457),(2019,2,'高雄市',2397656847),(2019,2,'基隆市',147892876),(2019,2,'新竹市',771883287),(2019,2,'嘉義市',117043825),(2019,2,'新竹縣',780834107),(2019,2,'苗栗縣',550336249),(2019,2,'彰化縣',940349826),(2019,2,'南投縣',295863784),(2019,2,'雲林縣',516781171),(2019,2,'嘉義縣',281256248),(2019,2,'屏東縣',474823452),(2019,2,'花蓮縣',237924441),(2019,2,'宜蘭縣',293344962),(2019,2,'澎湖縣',36922508),(2019,2,'金門縣',27797137),(2019,2,'連江縣',7507136),(2020,5,'新北市',2128020155),(2020,5,'桃園市',2660068255),(2020,5,'高雄市',2938778619),(2020,5,'基隆市',166900170),(2020,5,'新竹市',959213087),(2020,5,'嘉義市',145559094),(2020,5,'新竹縣',932808728),(2020,5,'苗栗縣',726593782),(2020,5,'彰化縣',1108148724),(2020,5,'南投縣',341333118),(2020,5,'雲林縣',625494557),(2020,5,'嘉義縣',349872567),(2020,5,'屏東縣',587215502),(2020,5,'花蓮縣',269033081),(2020,5,'宜蘭縣',371392927),(2020,5,'澎湖縣',50117172),(2020,5,'金門縣',35794080),(2020,5,'連江縣',9178409),(2019,11,'新北市',2183120387),(2019,11,'桃園市',2661138071),(2019,11,'高雄市',2977579427),(2019,11,'基隆市',169315108),(2019,11,'新竹市',894636910),(2019,11,'嘉義市',146088510),(2019,11,'新竹縣',888522972),(2019,11,'苗栗縣',707735975),(2019,11,'彰化縣',1147013639),(2019,11,'南投縣',344107362),(2019,11,'雲林縣',626393108),(2019,11,'嘉義縣',350915667),(2019,11,'屏東縣',578533535),(2019,11,'花蓮縣',260090506),(2019,11,'宜蘭縣',368205994),(2019,11,'澎湖縣',49532543),(2019,11,'金門縣',39546923),(2019,11,'連江縣',6990845),(2021,9,'新北市',2694877362),(2021,9,'桃園市',3104746184),(2021,9,'高雄市',3214998336),(2021,9,'基隆市',200802760),(2021,9,'新竹市',1061286334),(2021,9,'嘉義市',154947662),(2021,9,'新竹縣',1019585549),(2021,9,'苗栗縣',828896448),(2021,9,'彰化縣',1279592526),(2021,9,'南投縣',355255922),(2021,9,'雲林縣',685845427),(2021,9,'嘉義縣',398578485),(2021,9,'屏東縣',595462911),(2021,9,'花蓮縣',276165509),(2021,9,'宜蘭縣',421517424),(2021,9,'澎湖縣',59327137),(2021,9,'金門縣',41283044),(2021,9,'連江縣',11424128),(2016,11,'新北市',2279576938),(2016,11,'桃園市',2750400169),(2016,11,'高雄市',2999537941),(2016,11,'基隆市',175234272),(2016,11,'新竹市',915621888),(2016,11,'嘉義市',150725702),(2016,11,'新竹縣',900309006),(2016,11,'苗栗縣',712702164),(2016,11,'彰化縣',1121857136),(2016,11,'南投縣',343750015),(2016,11,'雲林縣',619604492),(2016,11,'嘉義縣',357782976),(2016,11,'屏東縣',567656287),(2016,11,'花蓮縣',270676282),(2016,11,'宜蘭縣',377863866),(2016,11,'澎湖縣',47824612),(2016,11,'金門縣',37107579),(2016,11,'連江縣',7553700),(2019,5,'新北市',2090160076),(2019,5,'桃園市',2720463604),(2019,5,'高雄市',2923310950),(2019,5,'基隆市',161669320),(2019,5,'新竹市',920198036),(2019,5,'嘉義市',135404030),(2019,5,'新竹縣',921585374),(2019,5,'苗栗縣',698202718),(2019,5,'彰化縣',1136369199),(2019,5,'南投縣',319568543),(2019,5,'雲林縣',608121390),(2019,5,'嘉義縣',329446968),(2019,5,'屏東縣',555958596),(2019,5,'花蓮縣',248870158),(2019,5,'宜蘭縣',347204762),(2019,5,'澎湖縣',53137968),(2019,5,'金門縣',35779183),(2019,5,'連江縣',7028603),(2018,1,'新北市',1987678854),(2018,1,'桃園市',2662192055),(2018,1,'高雄市',2743519887),(2018,1,'基隆市',155976215),(2018,1,'新竹市',843855095),(2018,1,'嘉義市',122852428),(2018,1,'新竹縣',884730787),(2018,1,'苗栗縣',670776082),(2018,1,'彰化縣',1040541422),(2018,1,'南投縣',312604430),(2018,1,'雲林縣',562083659),(2018,1,'嘉義縣',301627959),(2018,1,'屏東縣',495149467),(2018,1,'花蓮縣',243664648),(2018,1,'宜蘭縣',344795680),(2018,1,'澎湖縣',39380874),(2018,1,'金門縣',30071467),(2018,1,'連江縣',7852161),(2016,1,'新北市',1946582690),(2016,1,'桃園市',2554056931),(2016,1,'高雄市',2619420646),(2016,1,'基隆市',157993308),(2016,1,'新竹市',859193978),(2016,1,'嘉義市',128921382),(2016,1,'新竹縣',818647273),(2016,1,'苗栗縣',695482224),(2016,1,'彰化縣',986332200),(2016,1,'南投縣',315010739),(2016,1,'雲林縣',553139917),(2016,1,'嘉義縣',307505439),(2016,1,'屏東縣',516681846),(2016,1,'花蓮縣',252973699),(2016,1,'宜蘭縣',356030707),(2016,1,'澎湖縣',40744964),(2016,1,'金門縣',31578081),(2016,1,'連江縣',7632313),(2016,3,'新北市',1947921710),(2016,3,'桃園市',2594526312),(2016,3,'高雄市',2609959474),(2016,3,'基隆市',157340460),(2016,3,'新竹市',875124267),(2016,3,'嘉義市',123340405),(2016,3,'新竹縣',826151881),(2016,3,'苗栗縣',686024263),(2016,3,'彰化縣',987895185),(2016,3,'南投縣',310236988),(2016,3,'雲林縣',545787971),(2016,3,'嘉義縣',299928906),(2016,3,'屏東縣',495320731),(2016,3,'花蓮縣',242470962),(2016,3,'宜蘭縣',341931584),(2016,3,'澎湖縣',39605099),(2016,3,'金門縣',30368617),(2016,3,'連江縣',8065886),(2016,10,'新北市',2407153959),(2016,10,'桃園市',2971395029),(2016,10,'高雄市',2921184325),(2016,10,'基隆市',203038554),(2016,10,'新竹市',974909455),(2016,10,'嘉義市',156448635),(2016,10,'新竹縣',979790603),(2016,10,'苗栗縣',729916195),(2016,10,'彰化縣',1161122982),(2016,10,'南投縣',371889493),(2016,10,'雲林縣',630728413),(2016,10,'嘉義縣',352007277),(2016,10,'屏東縣',544917586),(2016,10,'花蓮縣',282838692),(2016,10,'宜蘭縣',387583924),(2016,10,'澎湖縣',46155028),(2016,10,'金門縣',36623633),(2016,10,'連江縣',8278296),(2019,6,'新北市',2183902866),(2019,6,'桃園市',2833365791),(2019,6,'高雄市',2877131269),(2019,6,'基隆市',177073108),(2019,6,'新竹市',930135354),(2019,6,'嘉義市',148151418),(2019,6,'新竹縣',965750548),(2019,6,'苗栗縣',674095309),(2019,6,'彰化縣',1175223050),(2019,6,'南投縣',357162616),(2019,6,'雲林縣',628278775),(2019,6,'嘉義縣',346134621),(2019,6,'屏東縣',574308425),(2019,6,'花蓮縣',275426686),(2019,6,'宜蘭縣',372723405),(2019,6,'澎湖縣',57038400),(2019,6,'金門縣',36973023),(2019,6,'連江縣',8439106),(2016,2,'新北市',1686084611),(2016,2,'桃園市',2235939591),(2016,2,'高雄市',2189562615),(2016,2,'基隆市',146755384),(2016,2,'新竹市',780208605),(2016,2,'嘉義市',113378779),(2016,2,'新竹縣',744224941),(2016,2,'苗栗縣',587657072),(2016,2,'彰化縣',850039075),(2016,2,'南投縣',288981618),(2016,2,'雲林縣',479837492),(2016,2,'嘉義縣',259221992),(2016,2,'屏東縣',431032333),(2016,2,'花蓮縣',229644135),(2016,2,'宜蘭縣',293532303),(2016,2,'澎湖縣',31590194),(2016,2,'金門縣',24851627),(2016,2,'連江縣',5354254),(2019,3,'新北市',1946991938),(2019,3,'桃園市',2593572105),(2019,3,'高雄市',2808891285),(2019,3,'基隆市',155955540),(2019,3,'新竹市',864733032),(2019,3,'嘉義市',126916495),(2019,3,'新竹縣',877625910),(2019,3,'苗栗縣',656881302),(2019,3,'彰化縣',1086948187),(2019,3,'南投縣',316170247),(2019,3,'雲林縣',586907554),(2019,3,'嘉義縣',331948933),(2019,3,'屏東縣',534196284),(2019,3,'花蓮縣',243329969),(2019,3,'宜蘭縣',348425762),(2019,3,'澎湖縣',41852136),(2019,3,'金門縣',32483463),(2019,3,'連江縣',6458267),(2017,3,'新北市',1913586495),(2017,3,'桃園市',2635861951),(2017,3,'高雄市',2708327531),(2017,3,'基隆市',153237011),(2017,3,'新竹市',855697706),(2017,3,'嘉義市',123092082),(2017,3,'新竹縣',858228792),(2017,3,'苗栗縣',710790999),(2017,3,'彰化縣',1039260017),(2017,3,'南投縣',314596626),(2017,3,'雲林縣',566685841),(2017,3,'嘉義縣',311401041),(2017,3,'屏東縣',498613045),(2017,3,'花蓮縣',246503302),(2017,3,'宜蘭縣',339544334),(2017,3,'澎湖縣',39998412),(2017,3,'金門縣',29463043),(2017,3,'連江縣',6269925),(2016,7,'新北市',2452308299),(2016,7,'桃園市',2943159865),(2016,7,'高雄市',3010823654),(2016,7,'基隆市',190627840),(2016,7,'新竹市',998780406),(2016,7,'嘉義市',157590478),(2016,7,'新竹縣',961873573),(2016,7,'苗栗縣',775855275),(2016,7,'彰化縣',1153859837),(2016,7,'南投縣',346734949),(2016,7,'雲林縣',642370497),(2016,7,'嘉義縣',352263298),(2016,7,'屏東縣',591356609),(2016,7,'花蓮縣',287401977),(2016,7,'宜蘭縣',396397056),(2016,7,'澎湖縣',59201553),(2016,7,'金門縣',39280927),(2016,7,'連江縣',8296577),(2021,11,'新北市',2354357871),(2021,11,'桃園市',2845072497),(2021,11,'高雄市',3136260682),(2021,11,'基隆市',177407095),(2021,11,'新竹市',985959016),(2021,11,'嘉義市',146399806),(2021,11,'新竹縣',940080859),(2021,11,'苗栗縣',790844698),(2021,11,'彰化縣',1224088052),(2021,11,'南投縣',343223685),(2021,11,'雲林縣',655646724),(2021,11,'嘉義縣',395443319),(2021,11,'屏東縣',574954840),(2021,11,'花蓮縣',270693298),(2021,11,'宜蘭縣',373795013),(2021,11,'澎湖縣',50141540),(2021,11,'金門縣',36449445),(2021,11,'連江縣',10272756),(2020,7,'新北市',2641351301),(2020,7,'桃園市',2958629126),(2020,7,'高雄市',3161425114),(2020,7,'基隆市',199818930),(2020,7,'新竹市',1051900585),(2020,7,'嘉義市',166618643),(2020,7,'新竹縣',1024788029),(2020,7,'苗栗縣',776629074),(2020,7,'彰化縣',1250758021),(2020,7,'南投縣',363521982),(2020,7,'雲林縣',688407537),(2020,7,'嘉義縣',389560614),(2020,7,'屏東縣',646709735),(2020,7,'花蓮縣',295552142),(2020,7,'宜蘭縣',428678837),(2020,7,'澎湖縣',69619394),(2020,7,'金門縣',40009640),(2020,7,'連江縣',11877135),(2020,1,'新北市',1839416112),(2020,1,'桃園市',2379881925),(2020,1,'高雄市',2622045871),(2020,1,'基隆市',147021813),(2020,1,'新竹市',855888000),(2020,1,'嘉義市',119343463),(2020,1,'新竹縣',834587173),(2020,1,'苗栗縣',618415332),(2020,1,'彰化縣',984352241),(2020,1,'南投縣',297128675),(2020,1,'雲林縣',545384427),(2020,1,'嘉義縣',292153282),(2020,1,'屏東縣',489557555),(2020,1,'花蓮縣',230392140),(2020,1,'宜蘭縣',319503250),(2020,1,'澎湖縣',40833501),(2020,1,'金門縣',29581625),(2020,1,'連江縣',6495593),(2022,3,'新北市',439033030),(2022,3,'桃園市',423012520),(2022,3,'高雄市',398882460),(2022,3,'基隆市',52140000),(2022,3,'新竹市',60705430),(2022,3,'嘉義市',37400870),(2022,3,'新竹縣',118531650),(2022,3,'苗栗縣',120432060),(2022,3,'彰化縣',185447140),(2022,3,'南投縣',94789640),(2022,3,'雲林縣',138555110),(2022,3,'嘉義縣',97909020),(2022,3,'屏東縣',145595480),(2022,3,'花蓮縣',52790110),(2022,3,'宜蘭縣',78619480),(2022,3,'澎湖縣',7493870),(2022,3,'金門縣',6169310),(2022,3,'連江縣',3400580),(2018,2,'新北市',1775804020),(2018,2,'桃園市',2345630709),(2018,2,'高雄市',2376073075),(2018,2,'基隆市',149544376),(2018,2,'新竹市',762407360),(2018,2,'嘉義市',118533840),(2018,2,'新竹縣',799633840),(2018,2,'苗栗縣',579561331),(2018,2,'彰化縣',921183390),(2018,2,'南投縣',304775397),(2018,2,'雲林縣',516281199),(2018,2,'嘉義縣',274455250),(2018,2,'屏東縣',452326443),(2018,2,'花蓮縣',224814694),(2018,2,'宜蘭縣',302080262),(2018,2,'澎湖縣',34360265),(2018,2,'金門縣',26306388),(2018,2,'連江縣',5096850),(2016,9,'新北市',2588556484),(2016,9,'桃園市',2884577613),(2016,9,'高雄市',2874073228),(2016,9,'基隆市',199102295),(2016,9,'新竹市',983461925),(2016,9,'嘉義市',159324062),(2016,9,'新竹縣',942556470),(2016,9,'苗栗縣',731592859),(2016,9,'彰化縣',1135350860),(2016,9,'南投縣',336521649),(2016,9,'雲林縣',634080683),(2016,9,'嘉義縣',342463245),(2016,9,'屏東縣',559422250),(2016,9,'花蓮縣',274822096),(2016,9,'宜蘭縣',382832031),(2016,9,'澎湖縣',55855242),(2016,9,'金門縣',39640796),(2016,9,'連江縣',7663865),(2022,12,'新北市',487365080),(2022,12,'桃園市',493166110),(2022,12,'高雄市',449060470),(2022,12,'基隆市',55688880),(2022,12,'新竹市',71211510),(2022,12,'嘉義市',46174020),(2022,12,'新竹縣',135181350),(2022,12,'苗栗縣',143536500),(2022,12,'彰化縣',218863680),(2022,12,'南投縣',115569960),(2022,12,'雲林縣',164688650),(2022,12,'嘉義縣',115755400),(2022,12,'屏東縣',170428640),(2022,12,'花蓮縣',65165440),(2022,12,'宜蘭縣',93270130),(2022,12,'澎湖縣',10914400),(2022,12,'金門縣',10378900),(2022,12,'連江縣',1165380),(2021,6,'新北市',2153441022),(2021,6,'桃園市',2914270151),(2021,6,'高雄市',2879622488),(2021,6,'基隆市',169731221),(2021,6,'新竹市',972047831),(2021,6,'嘉義市',132952320),(2021,6,'新竹縣',948919937),(2021,6,'苗栗縣',737902442),(2021,6,'彰化縣',1198991484),(2021,6,'南投縣',339175641),(2021,6,'雲林縣',646908926),(2021,6,'嘉義縣',345565027),(2021,6,'屏東縣',546495224),(2021,6,'花蓮縣',263128329),(2021,6,'宜蘭縣',363741478),(2021,6,'澎湖縣',46070291),(2021,6,'金門縣',30024844),(2021,6,'連江縣',7093526),(2021,10,'新北市',2647519848),(2021,10,'桃園市',3267426763),(2021,10,'高雄市',3200158469),(2021,10,'基隆市',217286755),(2021,10,'新竹市',1061807397),(2021,10,'嘉義市',164162751),(2021,10,'新竹縣',1054634136),(2021,10,'苗栗縣',847807795),(2021,10,'彰化縣',1349519856),(2021,10,'南投縣',403828999),(2021,10,'雲林縣',711347610),(2021,10,'嘉義縣',431994106),(2021,10,'屏東縣',626292841),(2021,10,'花蓮縣',296831839),(2021,10,'宜蘭縣',438604818),(2021,10,'澎湖縣',55929863),(2021,10,'金門縣',40821750),(2021,10,'連江縣',8557702),(2017,10,'新北市',2533038360),(2017,10,'桃園市',3082903195),(2017,10,'高雄市',2974972691),(2017,10,'基隆市',210601979),(2017,10,'新竹市',959270592),(2017,10,'嘉義市',161992822),(2017,10,'新竹縣',1026223678),(2017,10,'苗栗縣',749164902),(2017,10,'彰化縣',1216086833),(2017,10,'南投縣',375971613),(2017,10,'雲林縣',655526616),(2017,10,'嘉義縣',360509952),(2017,10,'屏東縣',581624897),(2017,10,'花蓮縣',287684472),(2017,10,'宜蘭縣',394515450),(2017,10,'澎湖縣',47464038),(2017,10,'金門縣',38375740),(2017,10,'連江縣',7528286),(2016,8,'新北市',2612269054),(2016,8,'桃園市',3205570208),(2016,8,'高雄市',2970421293),(2016,8,'基隆市',219138640),(2016,8,'新竹市',1018053532),(2016,8,'嘉義市',168348411),(2016,8,'新竹縣',1019838309),(2016,8,'苗栗縣',782363782),(2016,8,'彰化縣',1234161600),(2016,8,'南投縣',398476167),(2016,8,'雲林縣',669656387),(2016,8,'嘉義縣',367204717),(2016,8,'屏東縣',603275295),(2016,8,'花蓮縣',313437866),(2016,8,'宜蘭縣',424536692),(2016,8,'澎湖縣',55546878),(2016,8,'金門縣',40983627),(2016,8,'連江縣',9366031),(2020,3,'新北市',1988054953),(2020,3,'桃園市',2634801860),(2020,3,'高雄市',2839273967),(2020,3,'基隆市',155596572),(2020,3,'新竹市',893196196),(2020,3,'嘉義市',124332923),(2020,3,'新竹縣',887227961),(2020,3,'苗栗縣',686949842),(2020,3,'彰化縣',1088123177),(2020,3,'南投縣',318538953),(2020,3,'雲林縣',592340234),(2020,3,'嘉義縣',321817562),(2020,3,'屏東縣',527098028),(2020,3,'花蓮縣',245745133),(2020,3,'宜蘭縣',349585720),(2020,3,'澎湖縣',43227741),(2020,3,'金門縣',30897778),(2020,3,'連江縣',6666260),(2020,8,'新北市',2649154081),(2020,8,'桃園市',3132749435),(2020,8,'高雄市',3049318786),(2020,8,'基隆市',217606687),(2020,8,'新竹市',1044090157),(2020,8,'嘉義市',165451044),(2020,8,'新竹縣',1044800824),(2020,8,'苗栗縣',775081999),(2020,8,'彰化縣',1270041289),(2020,8,'南投縣',386665157),(2020,8,'雲林縣',678742866),(2020,8,'嘉義縣',372024482),(2020,8,'屏東縣',607639536),(2020,8,'花蓮縣',306159332),(2020,8,'宜蘭縣',441987852),(2020,8,'澎湖縣',65723651),(2020,8,'金門縣',39045387),(2020,8,'連江縣',11452437),(2021,3,'新北市',2084131098),(2021,3,'桃園市',2780130680),(2021,3,'高雄市',2974226857),(2021,3,'基隆市',163632798),(2021,3,'新竹市',919518112),(2021,3,'嘉義市',133627483),(2021,3,'新竹縣',908693085),(2021,3,'苗栗縣',773072552),(2021,3,'彰化縣',1160445100),(2021,3,'南投縣',345922435),(2021,3,'雲林縣',624229683),(2021,3,'嘉義縣',359364331),(2021,3,'屏東縣',565583370),(2021,3,'花蓮縣',256385268),(2021,3,'宜蘭縣',361041283),(2021,3,'澎湖縣',45174909),(2021,3,'金門縣',32073934),(2021,3,'連江縣',7747862),(2018,12,'新北市',1978011365),(2018,12,'桃園市',2695684439),(2018,12,'高雄市',2810385815),(2018,12,'基隆市',164713979),(2018,12,'新竹市',863368958),(2018,12,'嘉義市',131408473),(2018,12,'新竹縣',907177688),(2018,12,'苗栗縣',649180690),(2018,12,'彰化縣',1095687391),(2018,12,'南投縣',345689124),(2018,12,'雲林縣',586593442),(2018,12,'嘉義縣',335707986),(2018,12,'屏東縣',533901492),(2018,12,'花蓮縣',262082641),(2018,12,'宜蘭縣',345763867),(2018,12,'澎湖縣',40591194),(2018,12,'金門縣',30693359),(2018,12,'連江縣',7595485),(2019,7,'新北市',2386610473),(2019,7,'桃園市',2901401410),(2019,7,'高雄市',3038745066),(2019,7,'基隆市',180997028),(2019,7,'新竹市',996387001),(2019,7,'嘉義市',150944842),(2019,7,'新竹縣',995211270),(2019,7,'苗栗縣',720027249),(2019,7,'彰化縣',1203883195),(2019,7,'南投縣',339019558),(2019,7,'雲林縣',638649462),(2019,7,'嘉義縣',347461638),(2019,7,'屏東縣',578575567),(2019,7,'花蓮縣',273828236),(2019,7,'宜蘭縣',392120093),(2019,7,'澎湖縣',61359696),(2019,7,'金門縣',40208283),(2019,7,'連江縣',9291051),(2019,4,'新北市',1932394987),(2019,4,'桃園市',2658259853),(2019,4,'高雄市',2725058397),(2019,4,'基隆市',164006883),(2019,4,'新竹市',867581083),(2019,4,'嘉義市',126492110),(2019,4,'新竹縣',891813371),(2019,4,'苗栗縣',672976191),(2019,4,'彰化縣',1093213209),(2019,4,'南投縣',335478819),(2019,4,'雲林縣',584126055),(2019,4,'嘉義縣',322066233),(2019,4,'屏東縣',525106666),(2019,4,'花蓮縣',252143812),(2019,4,'宜蘭縣',326550606),(2019,4,'澎湖縣',45067163),(2019,4,'金門縣',31336562),(2019,4,'連江縣',8281045),(2018,5,'新北市',2111122989),(2018,5,'桃園市',2837518199),(2018,5,'高雄市',3008126922),(2018,5,'基隆市',163678415),(2018,5,'新竹市',933083356),(2018,5,'嘉義市',139517613),(2018,5,'新竹縣',959663953),(2018,5,'苗栗縣',719271910),(2018,5,'彰化縣',1134969325),(2018,5,'南投縣',334464887),(2018,5,'雲林縣',623117640),(2018,5,'嘉義縣',344221939),(2018,5,'屏東縣',557395185),(2018,5,'花蓮縣',256392156),(2018,5,'宜蘭縣',350695206),(2018,5,'澎湖縣',52899944),(2018,5,'金門縣',35009089),(2018,5,'連江縣',8696095),(2019,8,'新北市',2550066109),(2019,8,'桃園市',3106059131),(2019,8,'高雄市',2958675289),(2019,8,'基隆市',208263845),(2019,8,'新竹市',1011396747),(2019,8,'嘉義市',157288700),(2019,8,'新竹縣',1037110478),(2019,8,'苗栗縣',731410324),(2019,8,'彰化縣',1247845938),(2019,8,'南投縣',371932312),(2019,8,'雲林縣',652502142),(2019,8,'嘉義縣',347670677),(2019,8,'屏東縣',572239617),(2019,8,'花蓮縣',289645883),(2019,8,'宜蘭縣',413283369),(2019,8,'澎湖縣',56037344),(2019,8,'金門縣',39290110),(2019,8,'連江縣',8221160),(2022,2,'新北市',395016320),(2022,2,'桃園市',395044950),(2022,2,'高雄市',387755190),(2022,2,'基隆市',47052480),(2022,2,'新竹市',58842370),(2022,2,'嘉義市',39928440),(2022,2,'新竹縣',109910570),(2022,2,'苗栗縣',118025370),(2022,2,'彰化縣',193395190),(2022,2,'南投縣',101621490),(2022,2,'雲林縣',141992730),(2022,2,'嘉義縣',101152190),(2022,2,'屏東縣',157543570),(2022,2,'花蓮縣',61480630),(2022,2,'宜蘭縣',79310750),(2022,2,'澎湖縣',9336870),(2022,2,'金門縣',7719820),(2022,2,'連江縣',607290),(2022,7,'新北市',485566470),(2022,7,'桃園市',481063250),(2022,7,'高雄市',438980100),(2022,7,'基隆市',55475070),(2022,7,'新竹市',68272560),(2022,7,'嘉義市',43550670),(2022,7,'新竹縣',134342450),(2022,7,'苗栗縣',137340180),(2022,7,'彰化縣',212454730),(2022,7,'南投縣',109749110),(2022,7,'雲林縣',158426710),(2022,7,'嘉義縣',110776050),(2022,7,'屏東縣',172336640),(2022,7,'花蓮縣',72217870),(2022,7,'宜蘭縣',99365930),(2022,7,'澎湖縣',18126380),(2022,7,'金門縣',9957790),(2022,7,'連江縣',3372010),(2018,7,'新北市',2512431019),(2018,7,'桃園市',3015549773),(2018,7,'高雄市',3151169227),(2018,7,'基隆市',188784453),(2018,7,'新竹市',997464951),(2018,7,'嘉義市',159876544),(2018,7,'新竹縣',1025219317),(2018,7,'苗栗縣',772379588),(2018,7,'彰化縣',1235825528),(2018,7,'南投縣',353680647),(2018,7,'雲林縣',679223389),(2018,7,'嘉義縣',373931904),(2018,7,'屏東縣',597453274),(2018,7,'花蓮縣',286476255),(2018,7,'宜蘭縣',399934836),(2018,7,'澎湖縣',61185207),(2018,7,'金門縣',42352853),(2018,7,'連江縣',9746955),(2017,2,'新北市',1762126985),(2017,2,'桃園市',2414559248),(2017,2,'高雄市',2382159188),(2017,2,'基隆市',151917442),(2017,2,'新竹市',768780704),(2017,2,'嘉義市',118574814),(2017,2,'新竹縣',791658231),(2017,2,'苗栗縣',616038764),(2017,2,'彰化縣',945732535),(2017,2,'南投縣',314673693),(2017,2,'雲林縣',526322200),(2017,2,'嘉義縣',287806018),(2017,2,'屏東縣',470825380),(2017,2,'花蓮縣',233394245),(2017,2,'宜蘭縣',315926291),(2017,2,'澎湖縣',33699292),(2017,2,'金門縣',25945256),(2017,2,'連江縣',7877139),(2021,1,'新北市',2022884568),(2021,1,'桃園市',2688248602),(2021,1,'高雄市',2803462550),(2021,1,'基隆市',157714696),(2021,1,'新竹市',905381253),(2021,1,'嘉義市',126307831),(2021,1,'新竹縣',866674357),(2021,1,'苗栗縣',751566078),(2021,1,'彰化縣',1117359380),(2021,1,'南投縣',323196631),(2021,1,'雲林縣',589258621),(2021,1,'嘉義縣',328452726),(2021,1,'屏東縣',538940741),(2021,1,'花蓮縣',254209262),(2021,1,'宜蘭縣',355787006),(2021,1,'澎湖縣',42490429),(2021,1,'金門縣',30599042),(2021,1,'連江縣',7497047),(2022,5,'新北市',405100560),(2022,5,'桃園市',412751200),(2022,5,'高雄市',404500870),(2022,5,'基隆市',47555390),(2022,5,'新竹市',59454930),(2022,5,'嘉義市',39033550),(2022,5,'新竹縣',112347340),(2022,5,'苗栗縣',120225240),(2022,5,'彰化縣',189607660),(2022,5,'南投縣',93185060),(2022,5,'雲林縣',137327750),(2022,5,'嘉義縣',97309980),(2022,5,'屏東縣',150275880),(2022,5,'花蓮縣',53491160),(2022,5,'宜蘭縣',78565010),(2022,5,'澎湖縣',13813340),(2022,5,'金門縣',8480390),(2022,5,'連江縣',3570140),(2016,5,'新北市',2122496419),(2016,5,'桃園市',2767826241),(2016,5,'高雄市',2856726722),(2016,5,'基隆市',166702764),(2016,5,'新竹市',944474289),(2016,5,'嘉義市',141508679),(2016,5,'新竹縣',901136511),(2016,5,'苗栗縣',722296778),(2016,5,'彰化縣',1065771763),(2016,5,'南投縣',332234011),(2016,5,'雲林縣',582917550),(2016,5,'嘉義縣',323026136),(2016,5,'屏東縣',547432291),(2016,5,'花蓮縣',259342054),(2016,5,'宜蘭縣',354917571),(2016,5,'澎湖縣',50703114),(2016,5,'金門縣',33735721),(2016,5,'連江縣',6755801),(2022,6,'新北市',452838840),(2022,6,'桃園市',450569000),(2022,6,'高雄市',411772950),(2022,6,'基隆市',52712610),(2022,6,'新竹市',63299810),(2022,6,'嘉義市',41805860),(2022,6,'新竹縣',120131360),(2022,6,'苗栗縣',126720300),(2022,6,'彰化縣',199937060),(2022,6,'南投縣',100054050),(2022,6,'雲林縣',150584630),(2022,6,'嘉義縣',107929260),(2022,6,'屏東縣',160654860),(2022,6,'花蓮縣',64832270),(2022,6,'宜蘭縣',87268760),(2022,6,'澎湖縣',17667430),(2022,6,'金門縣',8309430),(2022,6,'連江縣',1669720),(2019,12,'新北市',1958706379),(2019,12,'桃園市',2656371117),(2019,12,'高雄市',2708316122),(2019,12,'基隆市',163571626),(2019,12,'新竹市',873232274),(2019,12,'嘉義市',128394079),(2019,12,'新竹縣',884912322),(2019,12,'苗栗縣',659743018),(2019,12,'彰化縣',1095110393),(2019,12,'南投縣',341741645),(2019,12,'雲林縣',579189132),(2019,12,'嘉義縣',315890734),(2019,12,'屏東縣',521845721),(2019,12,'花蓮縣',254696850),(2019,12,'宜蘭縣',340799012),(2019,12,'澎湖縣',41053793),(2019,12,'金門縣',30866124),(2019,12,'連江縣',7778775),(2022,10,'新北市',471302600),(2022,10,'桃園市',467029220),(2022,10,'高雄市',442754500),(2022,10,'基隆市',53836630),(2022,10,'新竹市',67739490),(2022,10,'嘉義市',44509620),(2022,10,'新竹縣',130096730),(2022,10,'苗栗縣',136668390),(2022,10,'彰化縣',210860650),(2022,10,'南投縣',112459220),(2022,10,'雲林縣',159718600),(2022,10,'嘉義縣',114437090),(2022,10,'屏東縣',173081930),(2022,10,'花蓮縣',63242700),(2022,10,'宜蘭縣',87106110),(2022,10,'澎湖縣',11974860),(2022,10,'金門縣',10246880),(2022,10,'連江縣',3298580),(2020,4,'新北市',1897205081),(2020,4,'桃園市',2541901928),(2020,4,'高雄市',2659582686),(2020,4,'基隆市',158167541),(2020,4,'新竹市',860896378),(2020,4,'嘉義市',123807000),(2020,4,'新竹縣',859626459),(2020,4,'苗栗縣',644704604),(2020,4,'彰化縣',1040102373),(2020,4,'南投縣',323676598),(2020,4,'雲林縣',574870566),(2020,4,'嘉義縣',325194618),(2020,4,'屏東縣',516542680),(2020,4,'花蓮縣',248308351),(2020,4,'宜蘭縣',326729910),(2020,4,'澎湖縣',39609030),(2020,4,'金門縣',28935495),(2020,4,'連江縣',6373532),(2018,4,'新北市',1967047611),(2018,4,'桃園市',2711711016),(2018,4,'高雄市',2740239784),(2018,4,'基隆市',166419285),(2018,4,'新竹市',857800972),(2018,4,'嘉義市',130380859),(2018,4,'新竹縣',907531487),(2018,4,'苗栗縣',673850484),(2018,4,'彰化縣',1072545269),(2018,4,'南投縣',339266469),(2018,4,'雲林縣',593205764),(2018,4,'嘉義縣',327003671),(2018,4,'屏東縣',517949424),(2018,4,'花蓮縣',252424789),(2018,4,'宜蘭縣',345268907),(2018,4,'澎湖縣',44357466),(2018,4,'金門縣',31068968),(2018,4,'連江縣',6095175),(2019,1,'新北市',1997886158),(2019,1,'桃園市',2665858697),(2019,1,'高雄市',2839322671),(2019,1,'基隆市',157273463),(2019,1,'新竹市',859855270),(2019,1,'嘉義市',130378145),(2019,1,'新竹縣',883671080),(2019,1,'苗栗縣',652361262),(2019,1,'彰化縣',1097760615),(2019,1,'南投縣',327118333),(2019,1,'雲林縣',587043717),(2019,1,'嘉義縣',326155626),(2019,1,'屏東縣',546248438),(2019,1,'花蓮縣',246485872),(2019,1,'宜蘭縣',356689592),(2019,1,'澎湖縣',43338507),(2019,1,'金門縣',32580279),(2019,1,'連江縣',6835245),(2020,6,'新北市',2229436695),(2020,6,'桃園市',2766341653),(2020,6,'高雄市',2841043367),(2020,6,'基隆市',184474470),(2020,6,'新竹市',961146754),(2020,6,'嘉義市',147020028),(2020,6,'新竹縣',962532080),(2020,6,'苗栗縣',694819258),(2020,6,'彰化縣',1131587275),(2020,6,'南投縣',356402360),(2020,6,'雲林縣',627274494),(2020,6,'嘉義縣',348112909),(2020,6,'屏東縣',582579150),(2020,6,'花蓮縣',274910110),(2020,6,'宜蘭縣',381215667),(2020,6,'澎湖縣',49622340),(2020,6,'金門縣',32699104),(2020,6,'連江縣',6940093),(2020,11,'新北市',2198892630),(2020,11,'桃園市',2711692964),(2020,11,'高雄市',3070767764),(2020,11,'基隆市',168675559),(2020,11,'新竹市',930680301),(2020,11,'嘉義市',150676817),(2020,11,'新竹縣',918209129),(2020,11,'苗栗縣',744153554),(2020,11,'彰化縣',1193534995),(2020,11,'南投縣',348637264),(2020,11,'雲林縣',648297746),(2020,11,'嘉義縣',378437026),(2020,11,'屏東縣',600150919),(2020,11,'花蓮縣',272800948),(2020,11,'宜蘭縣',366091244),(2020,11,'澎湖縣',49931195),(2020,11,'金門縣',36816651),(2020,11,'連江縣',7138898),(2018,3,'新北市',2022070950),(2018,3,'桃園市',2748004015),(2018,3,'高雄市',2890639552),(2018,3,'基隆市',162004162),(2018,3,'新竹市',880693537),(2018,3,'嘉義市',131510294),(2018,3,'新竹縣',913276457),(2018,3,'苗栗縣',709373447),(2018,3,'彰化縣',1076864464),(2018,3,'南投縣',331420126),(2018,3,'雲林縣',598502734),(2018,3,'嘉義縣',321793434),(2018,3,'屏東縣',524540396),(2018,3,'花蓮縣',240999997),(2018,3,'宜蘭縣',349477176),(2018,3,'澎湖縣',43802193),(2018,3,'金門縣',32858539),(2018,3,'連江縣',8280899),(2021,7,'新北市',2497043553),(2021,7,'桃園市',3066217405),(2021,7,'高雄市',3188309864),(2021,7,'基隆市',181135541),(2021,7,'新竹市',1051923384),(2021,7,'嘉義市',146344310),(2021,7,'新竹縣',1011596269),(2021,7,'苗栗縣',800226607),(2021,7,'彰化縣',1260586189),(2021,7,'南投縣',338978641),(2021,7,'雲林縣',677014635),(2021,7,'嘉義縣',374662510),(2021,7,'屏東縣',577844222),(2021,7,'花蓮縣',275229495),(2021,7,'宜蘭縣',399181665),(2021,7,'澎湖縣',53180293),(2021,7,'金門縣',36894331),(2021,7,'連江縣',10003741),(2017,11,'新北市',2313780351),(2017,11,'桃園市',2798817379),(2017,11,'高雄市',3002485743),(2017,11,'基隆市',177157411),(2017,11,'新竹市',902838641),(2017,11,'嘉義市',150635496),(2017,11,'新竹縣',933332253),(2017,11,'苗栗縣',764261814),(2017,11,'彰化縣',1149960310),(2017,11,'南投縣',336362661),(2017,11,'雲林縣',622142686),(2017,11,'嘉義縣',353418954),(2017,11,'屏東縣',575050706),(2017,11,'花蓮縣',268625953),(2017,11,'宜蘭縣',361198920),(2017,11,'澎湖縣',46956698),(2017,11,'金門縣',36701373),(2017,11,'連江縣',8525969),(2022,11,'新北市',444994120),(2022,11,'桃園市',436583840),(2022,11,'高雄市',389648190),(2022,11,'基隆市',51143540),(2022,11,'新竹市',62998640),(2022,11,'嘉義市',39071650),(2022,11,'新竹縣',122390030),(2022,11,'苗栗縣',126377390),(2022,11,'彰化縣',190657220),(2022,11,'南投縣',101098010),(2022,11,'雲林縣',143283010),(2022,11,'嘉義縣',102668170),(2022,11,'屏東縣',143987640),(2022,11,'花蓮縣',56091780),(2022,11,'宜蘭縣',80684070),(2022,11,'澎湖縣',9044750),(2022,11,'金門縣',8288310),(2022,11,'連江縣',2945730),(2017,1,'新北市',1909720520),(2017,1,'桃園市',2456476869),(2017,1,'高雄市',2615653883),(2017,1,'基隆市',153536879),(2017,1,'新竹市',851195545),(2017,1,'嘉義市',126069203),(2017,1,'新竹縣',833297317),(2017,1,'苗栗縣',660041375),(2017,1,'彰化縣',978541232),(2017,1,'南投縣',305546923),(2017,1,'雲林縣',551407046),(2017,1,'嘉義縣',298434384),(2017,1,'屏東縣',504483069),(2017,1,'花蓮縣',244465713),(2017,1,'宜蘭縣',329633558),(2017,1,'澎湖縣',38816388),(2017,1,'金門縣',28810660),(2017,1,'連江縣',8027834),(2016,6,'新北市',2165549920),(2016,6,'桃園市',2855746931),(2016,6,'高雄市',2740981589),(2016,6,'基隆市',181481932),(2016,6,'新竹市',943394388),(2016,6,'嘉義市',146490350),(2016,6,'新竹縣',925741454),(2016,6,'苗栗縣',708667761),(2016,6,'彰化縣',1092274955),(2016,6,'南投縣',353155624),(2016,6,'雲林縣',597353161),(2016,6,'嘉義縣',328807604),(2016,6,'屏東縣',549490889),(2016,6,'花蓮縣',273176009),(2016,6,'宜蘭縣',358706697),(2016,6,'澎湖縣',49990723),(2016,6,'金門縣',33900407),(2016,6,'連江縣',8175944),(2016,4,'新北市',1939762085),(2016,4,'桃園市',2672213596),(2016,4,'高雄市',2593386915),(2016,4,'基隆市',166379753),(2016,4,'新竹市',869798733),(2016,4,'嘉義市',129492787),(2016,4,'新竹縣',853569237),(2016,4,'苗栗縣',694192509),(2016,4,'彰化縣',1021326746),(2016,4,'南投縣',337850215),(2016,4,'雲林縣',549607849),(2016,4,'嘉義縣',316504617),(2016,4,'屏東縣',504011335),(2016,4,'花蓮縣',255309574),(2016,4,'宜蘭縣',338246897),(2016,4,'澎湖縣',42240893),(2016,4,'金門縣',29731521),(2016,4,'連江縣',5342384),(2021,8,'新北市',2600826214),(2021,8,'桃園市',3235950808),(2021,8,'高雄市',3055109876),(2021,8,'基隆市',210307593),(2021,8,'新竹市',1048571691),(2021,8,'嘉義市',147595872),(2021,8,'新竹縣',1057574727),(2021,8,'苗栗縣',810136044),(2021,8,'彰化縣',1249833141),(2021,8,'南投縣',369226083),(2021,8,'雲林縣',668868808),(2021,8,'嘉義縣',374040963),(2021,8,'屏東縣',573123862),(2021,8,'花蓮縣',291710659),(2021,8,'宜蘭縣',427034225),(2021,8,'澎湖縣',50880989),(2021,8,'金門縣',36715513),(2021,8,'連江縣',8307922),(2022,8,'新北市',477896160),(2022,8,'桃園市',457185830),(2022,8,'高雄市',414600390),(2022,8,'基隆市',54312720),(2022,8,'新竹市',65566290),(2022,8,'嘉義市',40949050),(2022,8,'新竹縣',126785840),(2022,8,'苗栗縣',129961940),(2022,8,'彰化縣',198850000),(2022,8,'南投縣',104648010),(2022,8,'雲林縣',148213240),(2022,8,'嘉義縣',100878640),(2022,8,'屏東縣',160254280),(2022,8,'花蓮縣',67545520),(2022,8,'宜蘭縣',92969220),(2022,8,'澎湖縣',16927990),(2022,8,'金門縣',8374250),(2022,8,'連江縣',3667530),(2023,8,'新北市',2547358804),(2023,8,'桃園市',3145696756),(2023,8,'高雄市',3000627973),(2023,8,'基隆市',210438895),(2023,8,'新竹市',910369993),(2023,8,'嘉義市',158986794),(2023,8,'新竹縣',1244019335),(2023,8,'苗栗縣',836127383),(2023,8,'彰化縣',1239889471),(2023,8,'南投縣',371678303),(2023,8,'雲林縣',667460299),(2023,8,'嘉義縣',389957434),(2023,8,'屏東縣',607722445),(2023,8,'花蓮縣',293867441),(2023,8,'宜蘭縣',436061098),(2023,8,'澎湖縣',63167730),(2023,8,'金門縣',38777571),(2023,8,'連江縣',8605075),(2023,5,'新北市',2054861754),(2023,5,'桃園市',2711547973),(2023,5,'高雄市',2938595113),(2023,5,'基隆市',159720626),(2023,5,'新竹市',834978865),(2023,5,'嘉義市',134093259),(2023,5,'新竹縣',1109147907),(2023,5,'苗栗縣',742875405),(2023,5,'彰化縣',1084128638),(2023,5,'南投縣',324693749),(2023,5,'雲林縣',612891718),(2023,5,'嘉義縣',372752641),(2023,5,'屏東縣',574248024),(2023,5,'花蓮縣',237798189),(2023,5,'宜蘭縣',360546816),(2023,5,'澎湖縣',56846373),(2023,5,'金門縣',34216612),(2023,5,'連江縣',7570885),(2023,9,'新北市',2687482249),(2023,9,'桃園市',3011873623),(2023,9,'高雄市',3099369795),(2023,9,'基隆市',203403971),(2023,9,'新竹市',909926932),(2023,9,'嘉義市',160860815),(2023,9,'新竹縣',1186773644),(2023,9,'苗栗縣',819027915),(2023,9,'彰化縣',1219017194),(2023,9,'南投縣',344028545),(2023,9,'雲林縣',671256643),(2023,9,'嘉義縣',394931839),(2023,9,'屏東縣',602036648),(2023,9,'花蓮縣',285599146),(2023,9,'宜蘭縣',420423838),(2023,9,'澎湖縣',63731027),(2023,9,'金門縣',42783785),(2023,9,'連江縣',12228395),(2023,3,'新北市',2064977211),(2023,3,'桃園市',2724758197),(2023,3,'高雄市',2899708808),(2023,3,'基隆市',166548847),(2023,3,'新竹市',821625073),(2023,3,'嘉義市',129900504),(2023,3,'新竹縣',1063254078),(2023,3,'苗栗縣',726945107),(2023,3,'彰化縣',1099999431),(2023,3,'南投縣',324719975),(2023,3,'雲林縣',610425264),(2023,3,'嘉義縣',378410661),(2023,3,'屏東縣',561226536),(2023,3,'花蓮縣',251621211),(2023,3,'宜蘭縣',372591519),(2023,3,'澎湖縣',46804839),(2023,3,'金門縣',34050990),(2023,3,'連江縣',9654278),(2023,4,'新北市',1909092652),(2023,4,'桃園市',2613769704),(2023,4,'高雄市',2733185686),(2023,4,'基隆市',159587864),(2023,4,'新竹市',765503323),(2023,4,'嘉義市',121237867),(2023,4,'新竹縣',1066436465),(2023,4,'苗栗縣',679842770),(2023,4,'彰化縣',1023145288),(2023,4,'南投縣',320556224),(2023,4,'雲林縣',572968929),(2023,4,'嘉義縣',347329150),(2023,4,'屏東縣',525434470),(2023,4,'花蓮縣',242368819),(2023,4,'宜蘭縣',353506365),(2023,4,'澎湖縣',47441521),(2023,4,'金門縣',29937244),(2023,4,'連江縣',9021902),(2023,2,'新北市',1949752842),(2023,2,'桃園市',2557533112),(2023,2,'高雄市',2535106734),(2023,2,'基隆市',163603006),(2023,2,'新竹市',745176459),(2023,2,'嘉義市',121055772),(2023,2,'新竹縣',896596532),(2023,2,'苗栗縣',656118828),(2023,2,'彰化縣',1005626403),(2023,2,'南投縣',326086918),(2023,2,'雲林縣',548025793),(2023,2,'嘉義縣',323080992),(2023,2,'屏東縣',509963511),(2023,2,'花蓮縣',240699566),(2023,2,'宜蘭縣',338817114),(2023,2,'澎湖縣',39191425),(2023,2,'金門縣',28153107),(2023,2,'連江縣',7124109),(2023,1,'新北市',2030858999),(2023,1,'桃園市',2466709030),(2023,1,'高雄市',2687843597),(2023,1,'基隆市',163783606),(2023,1,'新竹市',879510273),(2023,1,'嘉義市',130781260),(2023,1,'新竹縣',988720665),(2023,1,'苗栗縣',698015017),(2023,1,'彰化縣',1004988206),(2023,1,'南投縣',317118405),(2023,1,'雲林縣',568757927),(2023,1,'嘉義縣',336117775),(2023,1,'屏東縣',552874339),(2023,1,'花蓮縣',258427308),(2023,1,'宜蘭縣',355223387),(2023,1,'澎湖縣',45474299),(2023,1,'金門縣',32559698),(2023,1,'連江縣',9777865),(2023,7,'新北市',2427476877),(2023,7,'桃園市',2976606642),(2023,7,'高雄市',3095479715),(2023,7,'基隆市',184672091),(2023,7,'新竹市',908009970),(2023,7,'嘉義市',157331348),(2023,7,'新竹縣',1200342916),(2023,7,'苗栗縣',834051851),(2023,7,'彰化縣',1206882441),(2023,7,'南投縣',352361872),(2023,7,'雲林縣',666847861),(2023,7,'嘉義縣',396182769),(2023,7,'屏東縣',616373516),(2023,7,'花蓮縣',279192900),(2023,7,'宜蘭縣',406176962),(2023,7,'澎湖縣',64449799),(2023,7,'金門縣',40545538),(2023,7,'連江縣',12571935),(2023,6,'新北市',2091776103),(2023,6,'桃園市',2800430689),(2023,6,'高雄市',2817854927),(2023,6,'基隆市',169597841),(2023,6,'新竹市',838139844),(2023,6,'嘉義市',136958050),(2023,6,'新竹縣',1125177825),(2023,6,'苗栗縣',750395712),(2023,6,'彰化縣',1095677243),(2023,6,'南投縣',350234317),(2023,6,'雲林縣',613548465),(2023,6,'嘉義縣',364182007),(2023,6,'屏東縣',566511284),(2023,6,'花蓮縣',254012270),(2023,6,'宜蘭縣',369325647),(2023,6,'澎湖縣',58080711),(2023,6,'金門縣',33304202),(2023,6,'連江縣',10038991);
/*!40000 ALTER TABLE `carbonmap` ENABLE KEYS */;
UNLOCK TABLES;

--
-- Table structure for table `coefficient`
--

DROP TABLE IF EXISTS `coefficient`;
/*!40101 SET @saved_cs_client     = @@character_set_client */;
/*!50503 SET character_set_client = utf8mb4 */;
CREATE TABLE `coefficient` (
  `year` int DEFAULT NULL,
  `num` int DEFAULT NULL
) ENGINE=InnoDB DEFAULT CHARSET=utf8mb4 COLLATE=utf8mb4_0900_ai_ci;
/*!40101 SET character_set_client = @saved_cs_client */;

--
-- Dumping data for table `coefficient`
--

LOCK TABLES `coefficient` WRITE;
/*!40000 ALTER TABLE `coefficient` DISABLE KEYS */;
INSERT INTO `coefficient` VALUES (2022,0),(2021,1),(2020,1),(2019,1),(2018,1),(2017,1),(2016,1),(2023,1);
/*!40000 ALTER TABLE `coefficient` ENABLE KEYS */;
UNLOCK TABLES;

--
-- Table structure for table `electricity`
--

DROP TABLE IF EXISTS `electricity`;
/*!40101 SET @saved_cs_client     = @@character_set_client */;
/*!50503 SET character_set_client = utf8mb4 */;
CREATE TABLE `electricity` (
  `year` bigint DEFAULT NULL,
  `month` bigint DEFAULT NULL,
  `city` varchar(1024) DEFAULT NULL,
  `amount` bigint DEFAULT NULL
) ENGINE=InnoDB DEFAULT CHARSET=utf8mb4 COLLATE=utf8mb4_0900_ai_ci;
/*!40101 SET character_set_client = @saved_cs_client */;

--
-- Dumping data for table `electricity`
--

LOCK TABLES `electricity` WRITE;
/*!40000 ALTER TABLE `electricity` DISABLE KEYS */;
INSERT INTO `electricity` VALUES (2023,9,'新北市',2237278649),(2023,9,'台北市',1637099361),(2023,9,'桃園市',2569940083),(2023,9,'台中市',3103826662),(2023,9,'台南市',3008535414),(2023,9,'高雄市',2710424985),(2023,9,'宜蘭縣',339880638),(2023,9,'新竹縣',1066311794),(2023,9,'苗栗縣',696295215),(2023,9,'彰化縣',1033575314),(2023,9,'南投縣',249111605),(2023,9,'雲林縣',528802373),(2023,9,'嘉義縣',297861169),(2023,9,'屏東縣',466358918),(2023,9,'台東縣',96595991),(2023,9,'花蓮縣',230092926),(2023,9,'基隆市',151956911),(2023,9,'新竹市',846564462),(2023,9,'嘉義市',122573795),(2023,9,'澎湖縣',50748447),(2023,9,'金門縣',34346185),(2023,9,'連江縣',8423755),(2023,8,'新北市',2084332714),(2023,8,'台北市',1511263262),(2023,8,'桃園市',2682048036),(2023,8,'台中市',3077310079),(2023,8,'台南市',3079548523),(2023,8,'高雄市',2590373533),(2023,8,'宜蘭縣',345989088),(2023,8,'新竹縣',1116185235),(2023,8,'苗栗縣',708339733),(2023,8,'彰化縣',1042753881),(2023,8,'南投縣',273188143),(2023,8,'雲林縣',516880089),(2023,8,'嘉義縣',288776464),(2023,8,'屏東縣',460541185),(2023,8,'台東縣',99860774),(2023,8,'花蓮縣',229999981),(2023,8,'基隆市',156653635),(2023,8,'新竹市',845495893),(2023,8,'嘉義市',117292724),(2023,8,'澎湖縣',45721560),(2023,8,'金門縣',29539171),(2023,8,'連江縣',7593655),(2023,7,'新北市',1931569797),(2023,7,'台北市',1449847761),(2023,7,'桃園市',2483356852),(2023,7,'台中市',2994890541),(2023,7,'台南市',3010723442),(2023,7,'高雄市',2670866675),(2023,7,'宜蘭縣',307695912),(2023,7,'新竹縣',1065437846),(2023,7,'苗栗縣',693786311),(2023,7,'彰化縣',986480251),(2023,7,'南投縣',240049752),(2023,7,'雲林縣',505740491),(2023,7,'嘉義縣',284199609),(2023,7,'屏東縣',453135366),(2023,7,'台東縣',87527074),(2023,7,'花蓮縣',211094020),(2023,7,'基隆市',128403951),(2023,7,'新竹市',838575710),(2023,7,'嘉義市',112545578),(2023,7,'澎湖縣',46888889),(2023,7,'金門縣',30380238),(2023,7,'連江縣',7900255),(2023,6,'新北市',1634811203),(2023,6,'台北市',1218156341),(2023,6,'桃園市',2343336999),(2023,6,'台中市',2780953573),(2023,6,'台南市',2805375156),(2023,6,'高雄市',2403795157),(2023,6,'宜蘭縣',281209237),(2023,6,'新竹縣',999928885),(2023,6,'苗栗縣',620429102),(2023,6,'彰化縣',891133713),(2023,6,'南投縣',244019407),(2023,6,'雲林縣',459435625),(2023,6,'嘉義縣',255937677),(2023,6,'屏東縣',407500614),(2023,6,'台東縣',82702133),(2023,6,'花蓮縣',189464920),(2023,6,'基隆市',116681481),(2023,6,'新竹市',773435484),(2023,6,'嘉義市',95218930),(2023,6,'澎湖縣',37516231),(2023,6,'金門縣',23988302),(2023,6,'連江縣',6206931),(2023,5,'新北市',1592450684),(2023,5,'台北市',1183787027),(2023,5,'桃園市',2253300313),(2023,5,'台中市',2724399494),(2023,5,'台南市',2762917545),(2023,5,'高雄市',2518552663),(2023,5,'宜蘭縣',274823546),(2023,5,'新竹縣',984453117),(2023,5,'苗栗縣',611360905),(2023,5,'彰化縣',883942168),(2023,5,'南投縣',221269169),(2023,5,'雲林縣',461205458),(2023,5,'嘉義縣',266407061),(2023,5,'屏東縣',411874644),(2023,5,'台東縣',75299512),(2023,5,'花蓮縣',180057309),(2023,5,'基隆市',106040726),(2023,5,'新竹市',769171385),(2023,5,'嘉義市',91466239),(2023,5,'澎湖縣',37539663),(2023,5,'金門縣',24753112),(2023,5,'連江縣',6287035),(2023,4,'新北市',1466437422),(2023,4,'台北市',1035114785),(2023,4,'桃園市',2174778344),(2023,4,'台中市',2562466736),(2023,4,'台南市',2556734769),(2023,4,'高雄市',2325710446),(2023,4,'宜蘭縣',271636235),(2023,4,'新竹縣',946338185),(2023,4,'苗栗縣',554436210),(2023,4,'彰化縣',830321228),(2023,4,'南投縣',217987714),(2023,4,'雲林縣',423804699),(2023,4,'嘉義縣',242529490),(2023,4,'屏東縣',368628610),(2023,4,'台東縣',75053593),(2023,4,'花蓮縣',182760359),(2023,4,'基隆市',108813274),(2023,4,'新竹市',704045713),(2023,4,'嘉義市',81371087),(2023,4,'澎湖縣',31103451),(2023,4,'金門縣',20547944),(2023,4,'連江縣',5775572),(2023,3,'新北市',1587442521),(2023,3,'台北市',1128338608),(2023,3,'桃園市',2245499307),(2023,3,'台中市',2664777227),(2023,3,'台南市',2582748953),(2023,3,'高雄市',2455330018),(2023,3,'宜蘭縣',283816629),(2023,3,'新竹縣',932179068),(2023,3,'苗栗縣',585815527),(2023,3,'彰化縣',887759851),(2023,3,'南投縣',212854685),(2023,3,'雲林縣',448209304),(2023,3,'嘉義縣',263697921),(2023,3,'屏東縣',388846366),(2023,3,'台東縣',73706328),(2023,3,'花蓮縣',189668261),(2023,3,'基隆市',110890317),(2023,3,'新竹市',753584473),(2023,3,'嘉義市',85622974),(2023,3,'澎湖縣',34849309),(2023,3,'金門縣',24735090),(2023,3,'連江縣',6636148),(2023,2,'新北市',1560484732),(2023,2,'台北市',1006588106),(2023,2,'桃園市',2168077952),(2023,2,'台中市',2492146350),(2023,2,'台南市',2331273586),(2023,2,'高雄市',2190028654),(2023,2,'宜蘭縣',264314624),(2023,2,'新竹縣',786580432),(2023,2,'苗栗縣',540775508),(2023,2,'彰化縣',834290773),(2023,2,'南投縣',234557058),(2023,2,'雲林縣',416027273),(2023,2,'嘉義縣',231577302),(2023,2,'屏東縣',379895961),(2023,2,'台東縣',78464353),(2023,2,'花蓮縣',190057346),(2023,2,'基隆市',118805406),(2023,2,'新竹市',688829789),(2023,2,'嘉義市',86235222),(2023,2,'澎湖縣',31465285),(2023,2,'金門縣',22109107),(2023,2,'連江縣',6280269),(2023,1,'新北市',1587984159),(2023,1,'台北市',1192488623),(2023,1,'桃園市',2035770640),(2023,1,'台中市',2533004995),(2023,1,'台南市',2402743987),(2023,1,'高雄市',2280874257),(2023,1,'宜蘭縣',268194997),(2023,1,'新竹縣',864970145),(2023,1,'苗栗縣',568919217),(2023,1,'彰化縣',802506246),(2023,1,'南投縣',207116705),(2023,1,'雲林縣',413194517),(2023,1,'嘉義縣',225303655),(2023,1,'屏東縣',386534469),(2023,1,'台東縣',73317814),(2023,1,'花蓮縣',193299518),(2023,1,'基隆市',111923206),(2023,1,'新竹市',816083443),(2023,1,'嘉義市',87775510),(2023,1,'澎湖縣',35524329),(2023,1,'金門縣',24192198),(2023,1,'連江縣',6797535),(2022,12,'新北市',1546566924),(2022,12,'台北市',1087545591),(2022,12,'桃園市',2262051237),(2022,12,'台中市',2665308672),(2022,12,'台南市',2532308213),(2022,12,'高雄市',2356074897),(2022,12,'宜蘭縣',269288357),(2022,12,'新竹縣',864225301),(2022,12,'苗栗縣',594197280),(2022,12,'彰化縣',876466884),(2022,12,'南投縣',234443301),(2022,12,'雲林縣',433008105),(2022,12,'嘉義縣',237846500),(2022,12,'屏東縣',392055902),(2022,12,'台東縣',77927436),(2022,12,'花蓮縣',205646815),(2022,12,'基隆市',111742430),(2022,12,'新竹市',777502921),(2022,12,'嘉義市',87293016),(2022,12,'澎湖縣',32004615),(2022,12,'金門縣',20460289),(2022,12,'連江縣',5485995),(2022,11,'新北市',1763064566),(2022,11,'台北市',1280500810),(2022,11,'桃園市',2317945295),(2022,11,'台中市',2839175915),(2022,11,'台南市',2721174644),(2022,11,'高雄市',2641875188),(2022,11,'宜蘭縣',291685040),(2022,11,'新竹縣',905883962),(2022,11,'苗栗縣',590332342),(2022,11,'彰化縣',938116630),(2022,11,'南投縣',234722476),(2022,11,'雲林縣',479067777),(2022,11,'嘉義縣',271262896),(2022,11,'屏東縣',435939289),(2022,11,'台東縣',82318212),(2022,11,'花蓮縣',194548501),(2022,11,'基隆市',123334959),(2022,11,'新竹市',834559364),(2022,11,'嘉義市',103526412),(2022,11,'澎湖縣',40969204),(2022,11,'金門縣',28022537),(2022,11,'連江縣',6350211),(2022,10,'新北市',2051407491),(2022,10,'台北市',1454702132),(2022,10,'桃園市',2636270218),(2022,10,'台中市',3070873540),(2022,10,'台南市',2833611521),(2022,10,'高雄市',2673037455),(2022,10,'宜蘭縣',339820753),(2022,10,'新竹縣',968895748),(2022,10,'苗栗縣',654946373),(2022,10,'彰化縣',1045477985),(2022,10,'南投縣',274951446),(2022,10,'雲林縣',511178527),(2022,10,'嘉義縣',285647706),(2022,10,'屏東縣',459839257),(2022,10,'台東縣',101568249),(2022,10,'花蓮縣',227098153),(2022,10,'基隆市',153539594),(2022,10,'新竹市',916572382),(2022,10,'嘉義市',117332118),(2022,10,'澎湖縣',44708470),(2022,10,'金門縣',30323105),(2022,10,'連江縣',7499571),(2022,9,'新北市',2388421319),(2022,9,'台北市',1716240211),(2022,9,'桃園市',2682618379),(2022,9,'台中市',3163044977),(2022,9,'台南市',2884128040),(2022,9,'高雄市',2842392368),(2022,9,'宜蘭縣',352254114),(2022,9,'新竹縣',982912333),(2022,9,'苗栗縣',688673878),(2022,9,'彰化縣',1096589538),(2022,9,'南投縣',258554973),(2022,9,'雲林縣',543364069),(2022,9,'嘉義縣',334913917),(2022,9,'屏東縣',495566199),(2022,9,'台東縣',103559609),(2022,9,'花蓮縣',243195882),(2022,9,'基隆市',159058985),(2022,9,'新竹市',968060724),(2022,9,'嘉義市',128447309),(2022,9,'澎湖縣',54839152),(2022,9,'金門縣',37098726),(2022,9,'連江縣',9289517),(2022,8,'新北市',2200254470),(2022,8,'台北市',1569334628),(2022,8,'桃園市',2835411403),(2022,8,'台中市',3134694159),(2022,8,'台南市',3002123682),(2022,8,'高雄市',2673933870),(2022,8,'宜蘭縣',357061630),(2022,8,'新竹縣',1045185608),(2022,8,'苗栗縣',672677289),(2022,8,'彰化縣',1096477448),(2022,8,'南投縣',278148736),(2022,8,'雲林縣',527227021),(2022,8,'嘉義縣',324805775),(2022,8,'屏東縣',467223158),(2022,8,'台東縣',105006330),(2022,8,'花蓮縣',232337513),(2022,8,'基隆市',157227178),(2022,8,'新竹市',978517642),(2022,8,'嘉義市',120606114),(2022,8,'澎湖縣',45920416),(2022,8,'金門縣',30077473),(2022,8,'連江縣',8058822),(2022,7,'新北市',1967446764),(2022,7,'台北市',1472647013),(2022,7,'桃園市',2621634319),(2022,7,'台中市',3078634731),(2022,7,'台南市',2909269340),(2022,7,'高雄市',2804596429),(2022,7,'宜蘭縣',318202767),(2022,7,'新竹縣',997164814),(2022,7,'苗栗縣',670346977),(2022,7,'彰化縣',1040119730),(2022,7,'南投縣',248550499),(2022,7,'雲林縣',527333123),(2022,7,'嘉義縣',328536328),(2022,7,'屏東縣',467629530),(2022,7,'台東縣',92818027),(2022,7,'花蓮縣',222761697),(2022,7,'基隆市',130630883),(2022,7,'新竹市',973222383),(2022,7,'嘉義市',115517424),(2022,7,'澎湖縣',47643341),(2022,7,'金門縣',29532339),(2022,7,'連江縣',7700813),(2022,6,'新北市',1685156518),(2022,6,'台北市',1209189495),(2022,6,'桃園市',2467195409),(2022,6,'台中市',2822488631),(2022,6,'台南市',2794633354),(2022,6,'高雄市',2542710526),(2022,6,'宜蘭縣',284020301),(2022,6,'新竹縣',946765989),(2022,6,'苗栗縣',604138212),(2022,6,'彰化縣',961132978),(2022,6,'南投縣',249281374),(2022,6,'雲林縣',480365624),(2022,6,'嘉義縣',298068403),(2022,6,'屏東縣',414264032),(2022,6,'台東縣',83902663),(2022,6,'花蓮縣',205244701),(2022,6,'基隆市',119449149),(2022,6,'新竹市',890076475),(2022,6,'嘉義市',101827609),(2022,6,'澎湖縣',36863123),(2022,6,'金門縣',22867752),(2022,6,'連江縣',6163640),(2022,5,'新北市',1555729210),(2022,5,'台北市',1119329296),(2022,5,'桃園市',2308988229),(2022,5,'台中市',2762931756),(2022,5,'台南市',2676598672),(2022,5,'高雄市',2609164916),(2022,5,'宜蘭縣',268454324),(2022,5,'新竹縣',898049493),(2022,5,'苗栗縣',628359129),(2022,5,'彰化縣',928421449),(2022,5,'南投縣',221105463),(2022,5,'雲林縣',465834335),(2022,5,'嘉義縣',330878499),(2022,5,'屏東縣',393072050),(2022,5,'台東縣',71088008),(2022,5,'花蓮縣',206496900),(2022,5,'基隆市',99910608),(2022,5,'新竹市',869265327),(2022,5,'嘉義市',87359779),(2022,5,'澎湖縣',35877988),(2022,5,'金門縣',23022795),(2022,5,'連江縣',6058133),(2022,4,'新北市',1495757924),(2022,4,'台北市',1039882442),(2022,4,'桃園市',2336492553),(2022,4,'台中市',2675712556),(2022,4,'台南市',2523175571),(2022,4,'高雄市',2396139333),(2022,4,'宜蘭縣',271094391),(2022,4,'新竹縣',871346646),(2022,4,'苗栗縣',622871498),(2022,4,'彰化縣',907551175),(2022,4,'南投縣',235753799),(2022,4,'雲林縣',437478752),(2022,4,'嘉義縣',265777408),(2022,4,'屏東縣',361020860),(2022,4,'台東縣',73106215),(2022,4,'花蓮縣',185703135),(2022,4,'基隆市',109735954),(2022,4,'新竹市',819719596),(2022,4,'嘉義市',82687102),(2022,4,'澎湖縣',31606732),(2022,4,'金門縣',20306023),(2022,4,'連江縣',5606630),(2022,3,'新北市',1696024539),(2022,3,'台北市',1184203555),(2022,3,'桃園市',2452631695),(2022,3,'台中市',2841263423),(2022,3,'台南市',2536487028),(2022,3,'高雄市',2556132112),(2022,3,'宜蘭縣',273852471),(2022,3,'新竹縣',895097183),(2022,3,'苗栗縣',668234248),(2022,3,'彰化縣',975778867),(2022,3,'南投縣',234162627),(2022,3,'雲林縣',476411743),(2022,3,'嘉義縣',311332883),(2022,3,'屏東縣',395825271),(2022,3,'台東縣',76177143),(2022,3,'花蓮縣',209120440),(2022,3,'基隆市',116549304),(2022,3,'新竹市',848495848),(2022,3,'嘉義市',91564860),(2022,3,'澎湖縣',36403236),(2022,3,'金門縣',25502720),(2022,3,'連江縣',6742662),(2022,2,'新北市',1505816611),(2022,2,'台北市',1017498641),(2022,2,'桃園市',2117734177),(2022,2,'台中市',2463247945),(2022,2,'台南市',2262459644),(2022,2,'高雄市',2192985145),(2022,2,'宜蘭縣',261399216),(2022,2,'新竹縣',799024491),(2022,2,'苗栗縣',565868137),(2022,2,'彰化縣',839507959),(2022,2,'南投縣',226362689),(2022,2,'雲林縣',410264127),(2022,2,'嘉義縣',241485057),(2022,2,'屏東縣',354040358),(2022,2,'台東縣',74750320),(2022,2,'花蓮縣',195193135),(2022,2,'基隆市',113002824),(2022,2,'新竹市',740111858),(2022,2,'嘉義市',82722852),(2022,2,'澎湖縣',29675197),(2022,2,'金門縣',20602304),(2022,2,'連江縣',6337807),(2022,1,'新北市',1582226447),(2022,1,'台北市',1111232190),(2022,1,'桃園市',2264049069),(2022,1,'台中市',2697537185),(2022,1,'台南市',2420070823),(2022,1,'高雄市',2444834528),(2022,1,'宜蘭縣',277150575),(2022,1,'新竹縣',847308808),(2022,1,'苗栗縣',628307291),(2022,1,'彰化縣',923218830),(2022,1,'南投縣',223612467),(2022,1,'雲林縣',446796033),(2022,1,'嘉義縣',240244070),(2022,1,'屏東縣',384827193),(2022,1,'台東縣',72401006),(2022,1,'花蓮縣',201072763),(2022,1,'基隆市',105027580),(2022,1,'新竹市',812579328),(2022,1,'嘉義市',85584212),(2022,1,'澎湖縣',34304188),(2022,1,'金門縣',22977304),(2022,1,'連江縣',6376938),(2021,12,'新北市',1639135191),(2021,12,'台北市',1133881195),(2021,12,'桃園市',2405955224),(2021,12,'台中市',2808486288),(2021,12,'台南市',2568917337),(2021,12,'高雄市',2514187598),(2021,12,'宜蘭縣',288510315),(2021,12,'新竹縣',817229009),(2021,12,'苗栗縣',623604327),(2021,12,'彰化縣',981148645),(2021,12,'南投縣',252882691),(2021,12,'雲林縣',471110531),(2021,12,'嘉義縣',257148836),(2021,12,'屏東縣',397311031),(2021,12,'台東縣',79207517),(2021,12,'花蓮縣',205185962),(2021,12,'基隆市',118890318),(2021,12,'新竹市',885827774),(2021,12,'嘉義市',93839778),(2021,12,'澎湖縣',32823879),(2021,12,'金門縣',21557659),(2021,12,'連江縣',5626287),(2021,11,'新北市',1934679401),(2021,11,'台北市',1365756221),(2021,11,'桃園市',2435218137),(2021,11,'台中市',2980831719),(2021,11,'台南市',2651776643),(2021,11,'高雄市',2751372562),(2021,11,'宜蘭縣',295551553),(2021,11,'新竹縣',825888899),(2021,11,'苗栗縣',673691328),(2021,11,'彰化縣',1045443122),(2021,11,'南投縣',249360605),(2021,11,'雲林縣',523458334),(2021,11,'嘉義縣',301279349),(2021,11,'屏東縣',434838490),(2021,11,'台東縣',83241746),(2021,11,'花蓮縣',217422018),(2021,11,'基隆市',126880235),(2021,11,'新竹市',926730806),(2021,11,'嘉義市',110022626),(2021,11,'澎湖縣',43198450),(2021,11,'金門縣',29855835),(2021,11,'連江縣',6536686),(2021,10,'新北市',2144046958),(2021,10,'台北市',1510486682),(2021,10,'桃園市',2767368793),(2021,10,'台中市',3167260647),(2021,10,'台南市',2844321707),(2021,10,'高雄市',2718332559),(2021,10,'宜蘭縣',341182708),(2021,10,'新竹縣',918683656),(2021,10,'苗栗縣',702577505),(2021,10,'彰化縣',1116053936),(2021,10,'南投縣',283151849),(2021,10,'雲林縣',545584790),(2021,10,'嘉義縣',312196106),(2021,10,'屏東縣',443843561),(2021,10,'台東縣',97077552),(2021,10,'花蓮縣',228534689),(2021,10,'基隆市',158089355),(2021,10,'新竹市',988246407),(2021,10,'嘉義市',115916681),(2021,10,'澎湖縣',42336783),(2021,10,'金門縣',29568880),(2021,10,'連江縣',7344112),(2021,9,'新北市',2242432302),(2021,9,'台北市',1610211542),(2021,9,'桃園市',2665348534),(2021,9,'台中市',3124079283),(2021,9,'台南市',2756903521),(2021,9,'高雄市',2796102676),(2021,9,'宜蘭縣',337633174),(2021,9,'新竹縣',900169869),(2021,9,'苗栗縣',703121278),(2021,9,'彰化縣',1086294816),(2021,9,'南投縣',255930422),(2021,9,'雲林縣',543774297),(2021,9,'嘉義縣',296333375),(2021,9,'屏東縣',442201381),(2021,9,'台東縣',91772510),(2021,9,'花蓮縣',216567529),(2021,9,'基隆市',148322700),(2021,9,'新竹市',998316344),(2021,9,'嘉義市',115476292),(2021,9,'澎湖縣',47116687),(2021,9,'金門縣',33568214),(2021,9,'連江縣',8206128),(2021,8,'新北市',2151976084),(2021,8,'台北市',1488762242),(2021,8,'桃園市',2789730038),(2021,8,'台中市',3088437696),(2021,8,'台南市',2775553386),(2021,8,'高雄市',2646095646),(2021,8,'宜蘭縣',338413545),(2021,8,'新竹縣',936174527),(2021,8,'苗栗縣',682928754),(2021,8,'彰化縣',1054275671),(2021,8,'南投縣',272813503),(2021,8,'雲林縣',524259428),(2021,8,'嘉義縣',276963973),(2021,8,'屏東縣',424067202),(2021,8,'台東縣',93675114),(2021,8,'花蓮縣',228362559),(2021,8,'基隆市',156963313),(2021,8,'新竹市',987115031),(2021,8,'嘉義市',108265972),(2021,8,'澎湖縣',39489979),(2021,8,'金門縣',28150763),(2021,8,'連江縣',7159522),(2021,7,'新北市',2092617883),(2021,7,'台北市',1466697309),(2021,7,'桃園市',2652857065),(2021,7,'台中市',3075793531),(2021,7,'台南市',2772180185),(2021,7,'高雄市',2796251484),(2021,7,'宜蘭縣',321138035),(2021,7,'新竹縣',901308139),(2021,7,'苗栗縣',680702817),(2021,7,'彰化縣',1069666149),(2021,7,'南投縣',249178681),(2021,7,'雲林縣',536985125),(2021,7,'嘉義縣',278759030),(2021,7,'屏東縣',442695002),(2021,7,'台東縣',84798386),(2021,7,'花蓮縣',220673865),(2021,7,'基隆市',132673521),(2021,7,'新竹市',996742394),(2021,7,'嘉義市',110169560),(2021,7,'澎湖縣',43992343),(2021,7,'金門縣',28855431),(2021,7,'連江縣',7065301),(2021,6,'新北市',1808996812),(2021,6,'台北市',1239461132),(2021,6,'桃園市',2551830181),(2021,6,'台中市',2891965887),(2021,6,'台南市',2633618334),(2021,6,'高雄市',2532698788),(2021,6,'宜蘭縣',294558108),(2021,6,'新竹縣',854933407),(2021,6,'苗栗縣',634979202),(2021,6,'彰化縣',1037445404),(2021,6,'南投縣',264011801),(2021,6,'雲林縣',527665496),(2021,6,'嘉義縣',264383117),(2021,6,'屏東縣',423632554),(2021,6,'台東縣',84225374),(2021,6,'花蓮縣',214693869),(2021,6,'基隆市',126641911),(2021,6,'新竹市',924892571),(2021,6,'嘉義市',101679710),(2021,6,'澎湖縣',37403611),(2021,6,'金門縣',22853534),(2021,6,'連江縣',5841716),(2021,5,'新北市',1672518545),(2021,5,'台北市',1226992470),(2021,5,'桃園市',2450516833),(2021,5,'台中市',2830306724),(2021,5,'台南市',2562361544),(2021,5,'高雄市',2629644296),(2021,5,'宜蘭縣',278437475),(2021,5,'新竹縣',830727355),(2021,5,'苗栗縣',658539630),(2021,5,'彰化縣',994923862),(2021,5,'南投縣',238466868),(2021,5,'雲林縣',495215477),(2021,5,'嘉義縣',251668878),(2021,5,'屏東縣',417961114),(2021,5,'台東縣',75963362),(2021,5,'花蓮縣',201960940),(2021,5,'基隆市',107602365),(2021,5,'新竹市',931675398),(2021,5,'嘉義市',94526201),(2021,5,'澎湖縣',38172251),(2021,5,'金門縣',24588594),(2021,5,'連江縣',6229796),(2021,4,'新北市',1570566621),(2021,4,'台北市',1092684347),(2021,4,'桃園市',2331571792),(2021,4,'台中市',2656035698),(2021,4,'台南市',2376484782),(2021,4,'高雄市',2416499497),(2021,4,'宜蘭縣',268127831),(2021,4,'新竹縣',786718960),(2021,4,'苗栗縣',610472249),(2021,4,'彰化縣',947849315),(2021,4,'南投縣',247301269),(2021,4,'雲林縣',469384274),(2021,4,'嘉義縣',235916945),(2021,4,'屏東縣',388535955),(2021,4,'台東縣',77021730),(2021,4,'花蓮縣',197514500),(2021,4,'基隆市',111501913),(2021,4,'新竹市',802737786),(2021,4,'嘉義市',88036423),(2021,4,'澎湖縣',31993331),(2021,4,'金門縣',20179659),(2021,4,'連江縣',5672325),(2021,3,'新北市',1622703448),(2021,3,'台北市',1169900976),(2021,3,'桃園市',2328178580),(2021,3,'台中市',2746513606),(2021,3,'台南市',2479164342),(2021,3,'高雄市',2543813117),(2021,3,'宜蘭縣',275123043),(2021,3,'新竹縣',783964895),(2021,3,'苗栗縣',643617412),(2021,3,'彰化縣',955504760),(2021,3,'南投縣',238405555),(2021,3,'雲林縣',473916003),(2021,3,'嘉義縣',252121431),(2021,3,'屏東縣',402947890),(2021,3,'台東縣',74746136),(2021,3,'花蓮縣',198008198),(2021,3,'基隆市',109288898),(2021,3,'新竹市',854710532),(2021,3,'嘉義市',91152413),(2021,3,'澎湖縣',34944049),(2021,3,'金門縣',23856784),(2021,3,'連江縣',6208112),(2021,2,'新北市',1463181680),(2021,2,'台北市',1015445321),(2021,2,'桃園市',2032744847),(2021,2,'台中市',2359269579),(2021,2,'台南市',2072725962),(2021,2,'高雄市',2039510770),(2021,2,'宜蘭縣',241623534),(2021,2,'新竹縣',715346730),(2021,2,'苗栗縣',534995680),(2021,2,'彰化縣',805553933),(2021,2,'南投縣',218118732),(2021,2,'雲林縣',400024950),(2021,2,'嘉義縣',199191307),(2021,2,'屏東縣',341362060),(2021,2,'台東縣',70103436),(2021,2,'花蓮縣',182832224),(2021,2,'基隆市',110235800),(2021,2,'新竹市',744065597),(2021,2,'嘉義市',79800140),(2021,2,'澎湖縣',29014307),(2021,2,'金門縣',19146787),(2021,2,'連江縣',5486506),(2021,1,'新北市',1569071348),(2021,1,'台北市',1121190632),(2021,1,'桃園市',2254279712),(2021,1,'台中市',2639616099),(2021,1,'台南市',2130779103),(2021,1,'高雄市',2386206720),(2021,1,'宜蘭縣',269696986),(2021,1,'新竹縣',742449807),(2021,1,'苗栗縣',624705168),(2021,1,'彰化縣',916392410),(2021,1,'南投縣',221734211),(2021,1,'雲林縣',443587551),(2021,1,'嘉義縣',223686616),(2021,1,'屏東縣',381681501),(2021,1,'台東縣',69648810),(2021,1,'花蓮縣',196089262),(2021,1,'基隆市',105029216),(2021,1,'新竹市',841665053),(2021,1,'嘉義市',85143971),(2021,1,'澎湖縣',33959969),(2021,1,'金門縣',22437472),(2021,1,'連江縣',6211337),(2020,12,'新北市',1488109712),(2020,12,'台北市',1066316509),(2020,12,'桃園市',2230288483),(2020,12,'台中市',2647689961),(2020,12,'台南市',2352941952),(2020,12,'高雄市',2363927058),(2020,12,'宜蘭縣',258738260),(2020,12,'新竹縣',771647456),(2020,12,'苗栗縣',614926750),(2020,12,'彰化縣',924613818),(2020,12,'南投縣',238633655),(2020,12,'雲林縣',436505758),(2020,12,'嘉義縣',224153224),(2020,12,'屏東縣',370600505),(2020,12,'台東縣',72921289),(2020,12,'花蓮縣',200189804),(2020,12,'基隆市',105734776),(2020,12,'新竹市',825779763),(2020,12,'嘉義市',86346119),(2020,12,'澎湖縣',31417966),(2020,12,'金門縣',19772927),(2020,12,'連江縣',5313262),(2020,11,'新北市',1694452170),(2020,11,'台北市',1261687247),(2020,11,'桃園市',2216994754),(2020,11,'台中市',2787763360),(2020,11,'台南市',2455172710),(2020,11,'高雄市',2596027054),(2020,11,'宜蘭縣',268537244),(2020,11,'新竹縣',782778559),(2020,11,'苗栗縣',600214984),(2020,11,'彰化縣',962370785),(2020,11,'南投縣',230139644),(2020,11,'雲林縣',485742426),(2020,11,'嘉義縣',259336096),(2020,11,'屏東縣',424071539),(2020,11,'台東縣',77252511),(2020,11,'花蓮縣',204032718),(2020,11,'基隆市',112209569),(2020,11,'新竹市',858648691),(2020,11,'嘉義市',102745947),(2020,11,'澎湖縣',39217655),(2020,11,'金門縣',26111121),(2020,11,'連江縣',6071978),(2020,10,'新北市',1931205414),(2020,10,'台北市',1416896549),(2020,10,'桃園市',2642714392),(2020,10,'台中市',2907828099),(2020,10,'台南市',2587505240),(2020,10,'高雄市',2588414218),(2020,10,'宜蘭縣',307923783),(2020,10,'新竹縣',859336574),(2020,10,'苗栗縣',619798196),(2020,10,'彰化縣',1031555716),(2020,10,'南投縣',263558384),(2020,10,'雲林縣',509605130),(2020,10,'嘉義縣',254152350),(2020,10,'屏東縣',422325709),(2020,10,'台東縣',93163081),(2020,10,'花蓮縣',219100116),(2020,10,'基隆市',144478771),(2020,10,'新竹市',910260776),(2020,10,'嘉義市',112170213),(2020,10,'澎湖縣',42595999),(2020,10,'金門縣',27416955),(2020,10,'連江縣',6783221),(2020,9,'新北市',2255281180),(2020,9,'台北市',1689536881),(2020,9,'桃園市',2546388235),(2020,9,'台中市',3071764601),(2020,9,'台南市',2634189848),(2020,9,'高雄市',2763063309),(2020,9,'宜蘭縣',334788345),(2020,9,'新竹縣',879775329),(2020,9,'苗栗縣',653142753),(2020,9,'彰化縣',1075361319),(2020,9,'南投縣',256418732),(2020,9,'雲林縣',541505336),(2020,9,'嘉義縣',282705771),(2020,9,'屏東縣',470503515),(2020,9,'台東縣',96289717),(2020,9,'花蓮縣',220512434),(2020,9,'基隆市',151926306),(2020,9,'新竹市',960098153),(2020,9,'嘉義市',124471553),(2020,9,'澎湖縣',53398656),(2020,9,'金門縣',34621574),(2020,9,'連江縣',8365310),(2020,8,'新北市',2146549391),(2020,8,'台北市',1607541328),(2020,8,'桃園市',2654414215),(2020,8,'台中市',3020694361),(2020,8,'台南市',2664155102),(2020,8,'高雄市',2605655256),(2020,8,'宜蘭縣',342791092),(2020,8,'新竹縣',914502754),(2020,8,'苗栗縣',641269529),(2020,8,'彰化縣',1053972439),(2020,8,'南投縣',273627857),(2020,8,'雲林縣',525271506),(2020,8,'嘉義縣',263761862),(2020,8,'屏東縣',443368756),(2020,8,'台東縣',102532603),(2020,8,'花蓮縣',230728072),(2020,8,'基隆市',160973047),(2020,8,'新竹市',973346067),(2020,8,'嘉義市',119820624),(2020,8,'澎湖縣',44894891),(2020,8,'金門縣',29204037),(2020,8,'連江縣',7610397),(2020,7,'新北市',2150896741),(2020,7,'台北市',1656312676),(2020,7,'桃園市',2494385786),(2020,7,'台中市',3050761712),(2020,7,'台南市',2661078964),(2020,7,'高雄市',2728924094),(2020,7,'宜蘭縣',331928647),(2020,7,'新竹縣',894180419),(2020,7,'苗栗縣',646856184),(2020,7,'彰化縣',1042540371),(2020,7,'南投縣',253276002),(2020,7,'雲林縣',538151987),(2020,7,'嘉義縣',282313304),(2020,7,'屏東縣',485472425),(2020,7,'台東縣',95246068),(2020,7,'花蓮縣',225052852),(2020,7,'基隆市',142988080),(2020,7,'新竹市',983411445),(2020,7,'嘉義市',123560613),(2020,7,'澎湖縣',48841344),(2020,7,'金門縣',31308910),(2020,7,'連江縣',7980585),(2020,6,'新北市',1758844195),(2020,6,'台北市',1351108972),(2020,6,'桃園市',2330464383),(2020,6,'台中市',2750821746),(2020,6,'台南市',2440387980),(2020,6,'高雄市',2424178157),(2020,6,'宜蘭縣',291255507),(2020,6,'新竹縣',839435410),(2020,6,'苗栗縣',572121538),(2020,6,'彰化縣',930230995),(2020,6,'南投縣',250540790),(2020,6,'雲林縣',481252454),(2020,6,'嘉義縣',240935759),(2020,6,'屏東縣',422318760),(2020,6,'台東縣',86516177),(2020,6,'花蓮縣',209399210),(2020,6,'基隆市',130559940),(2020,6,'新竹市',896128064),(2020,6,'嘉義市',104604698),(2020,6,'澎湖縣',36172710),(2020,6,'金門縣',24048704),(2020,6,'連江縣',5882413),(2020,5,'新北市',1597783545),(2020,5,'台北市',1223979979),(2020,5,'桃園市',2147381475),(2020,5,'台中市',2643905951),(2020,5,'台南市',2333205440),(2020,5,'高雄市',2447605869),(2020,5,'宜蘭縣',270089067),(2020,5,'新竹縣',794786378),(2020,5,'苗栗縣',579704562),(2020,5,'彰化縣',865757294),(2020,5,'南投縣',217656668),(2020,5,'雲林縣',457260137),(2020,5,'嘉義縣',226960577),(2020,5,'屏東縣',398916152),(2020,5,'台東縣',71517525),(2020,5,'花蓮縣',195129951),(2020,5,'基隆市',108236200),(2020,5,'新竹市',884152227),(2020,5,'嘉義市',93182364),(2020,5,'澎湖縣',35618412),(2020,5,'金門縣',24240610),(2020,5,'連江縣',5905399),(2020,4,'新北市',1465677061),(2020,4,'台北市',1045306422),(2020,4,'桃園市',2124239208),(2020,4,'台中市',2457795348),(2020,4,'台南市',2193709978),(2020,4,'高雄市',2241572836),(2020,4,'宜蘭縣',244557550),(2020,4,'新竹縣',744766889),(2020,4,'苗栗縣',525384384),(2020,4,'彰化縣',841366893),(2020,4,'南投縣',219185268),(2020,4,'雲林縣',427774846),(2020,4,'嘉義縣',219427568),(2020,4,'屏東縣',359509070),(2020,4,'台東縣',71256267),(2020,4,'花蓮縣',187690541),(2020,4,'基隆市',108403171),(2020,4,'新竹市',800699158),(2020,4,'嘉義市',82217950),(2020,4,'澎湖縣',29256140),(2020,4,'金門縣',19327425),(2020,4,'連江縣',5349662),(2020,3,'新北市',1537597643),(2020,3,'台北市',1122595681),(2020,3,'桃園市',2202557770),(2020,3,'台中市',2582461852),(2020,3,'台南市',2245531615),(2020,3,'高雄市',2418661277),(2020,3,'宜蘭縣',266666250),(2020,3,'新竹縣',765408441),(2020,3,'苗栗縣',566457852),(2020,3,'彰化縣',892314247),(2020,3,'南投縣',216842993),(2020,3,'雲林縣',447808254),(2020,3,'嘉義縣',218497232),(2020,3,'屏東縣',370609848),(2020,3,'台東縣',69551322),(2020,3,'花蓮縣',187875773),(2020,3,'基隆市',104443652),(2020,3,'新竹市',831006346),(2020,3,'嘉義市',84725603),(2020,3,'澎湖縣',33499021),(2020,3,'金門縣',22808028),(2020,3,'連江縣',5768070),(2020,2,'新北市',1469296909),(2020,2,'台北市',1050434812),(2020,2,'桃園市',2135565359),(2020,2,'台中市',2422762549),(2020,2,'台南市',2091983939),(2020,2,'高雄市',2185989747),(2020,2,'宜蘭縣',258829484),(2020,2,'新竹縣',733405666),(2020,2,'苗栗縣',505754580),(2020,2,'彰化縣',849276020),(2020,2,'南投縣',227304176),(2020,2,'雲林縣',417728407),(2020,2,'嘉義縣',200429596),(2020,2,'屏東縣',354158038),(2020,2,'台東縣',72337718),(2020,2,'花蓮縣',188897544),(2020,2,'基隆市',111851276),(2020,2,'新竹市',766760168),(2020,2,'嘉義市',82274837),(2020,2,'澎湖縣',29838700),(2020,2,'金門縣',19752875),(2020,2,'連江縣',5443052),(2020,1,'新北市',1411728602),(2020,1,'台北市',1064385176),(2020,1,'桃園市',1972791525),(2020,1,'台中市',2357417131),(2020,1,'台南市',2046527737),(2020,1,'高雄市',2221899351),(2020,1,'宜蘭縣',239657610),(2020,1,'新竹縣',718123583),(2020,1,'苗栗縣',501860642),(2020,1,'彰化縣',794644221),(2020,1,'南投縣',194957545),(2020,1,'雲林縣',401965237),(2020,1,'嘉義縣',190255862),(2020,1,'屏東縣',340123435),(2020,1,'台東縣',64251786),(2020,1,'花蓮縣',169665540),(2020,1,'基隆市',95812943),(2020,1,'新竹市',794848380),(2020,1,'嘉義市',78277673),(2020,1,'澎湖縣',32569001),(2020,1,'金門縣',21061495),(2020,1,'連江縣',5461163),(2019,12,'新北市',1493972989),(2019,12,'台北市',1098572001),(2019,12,'桃園市',2200129077),(2019,12,'台中市',2556983042),(2019,12,'台南市',2189841254),(2019,12,'高雄市',2279815052),(2019,12,'宜蘭縣',253811052),(2019,12,'新竹縣',759945342),(2019,12,'苗栗縣',532994688),(2019,12,'彰化縣',889960503),(2019,12,'南投縣',232563135),(2019,12,'雲林縣',433689912),(2019,12,'嘉義縣',209618394),(2019,12,'屏東縣',362023541),(2019,12,'台東縣',73597828),(2019,12,'花蓮縣',194784570),(2019,12,'基隆市',109627026),(2019,12,'新竹市',807741544),(2019,12,'嘉義市',84760119),(2019,12,'澎湖縣',31168343),(2019,12,'金門縣',19994064),(2019,12,'連江縣',5107705),(2019,11,'新北市',1708198097),(2019,11,'台北市',1282871438),(2019,11,'桃園市',2200292561),(2019,11,'台中市',2627318056),(2019,11,'台南市',2246495337),(2019,11,'高雄市',2541195267),(2019,11,'宜蘭縣',279741314),(2019,11,'新竹縣',762466462),(2019,11,'苗栗縣',580104755),(2019,11,'彰化縣',934385669),(2019,11,'南投縣',230969872),(2019,11,'雲林縣',477120758),(2019,11,'嘉義縣',241865107),(2019,11,'屏東縣',411130755),(2019,11,'台東縣',76888562),(2019,11,'花蓮縣',197717626),(2019,11,'基隆市',114500018),(2019,11,'新竹市',828640390),(2019,11,'嘉義市',101116630),(2019,11,'澎湖縣',39847203),(2019,11,'金門縣',27751213),(2019,11,'連江縣',5904835),(2019,10,'新北市',1951505663),(2019,10,'台北市',1453144583),(2019,10,'桃園市',2489675141),(2019,10,'台中市',2794339611),(2019,10,'台南市',2397096902),(2019,10,'高雄市',2517472617),(2019,10,'宜蘭縣',303538630),(2019,10,'新竹縣',852948524),(2019,10,'苗栗縣',583953480),(2019,10,'彰化縣',1000018298),(2019,10,'南投縣',264431928),(2019,10,'雲林縣',501022984),(2019,10,'嘉義縣',244184226),(2019,10,'屏東縣',411207978),(2019,10,'台東縣',90262455),(2019,10,'花蓮縣',210267150),(2019,10,'基隆市',147472897),(2019,10,'新竹市',892128527),(2019,10,'嘉義市',109034276),(2019,10,'澎湖縣',40569381),(2019,10,'金門縣',29018069),(2019,10,'連江縣',6589950),(2019,9,'新北市',2225798257),(2019,9,'台北市',1685011682),(2019,9,'桃園市',2453933713),(2019,9,'台中市',2865571480),(2019,9,'台南市',2368373669),(2019,9,'高雄市',2632830125),(2019,9,'宜蘭縣',325223797),(2019,9,'新竹縣',851488478),(2019,9,'苗栗縣',618812211),(2019,9,'彰化縣',999657414),(2019,9,'南投縣',244321434),(2019,9,'雲林縣',511945320),(2019,9,'嘉義縣',259644421),(2019,9,'屏東縣',436962185),(2019,9,'台東縣',90749719),(2019,9,'花蓮縣',220638448),(2019,9,'基隆市',150037616),(2019,9,'新竹市',923859568),(2019,9,'嘉義市',117176951),(2019,9,'澎湖縣',49292692),(2019,9,'金門縣',35076928),(2019,9,'連江縣',7835195),(2019,8,'新北市',2068935019),(2019,8,'台北市',1590441178),(2019,8,'桃園市',2647031261),(2019,8,'台中市',2875222764),(2019,8,'台南市',2445359487),(2019,8,'高雄市',2536273929),(2019,8,'宜蘭縣',324059449),(2019,8,'新竹縣',913201958),(2019,8,'苗栗縣',609418634),(2019,8,'彰化縣',1042199648),(2019,8,'南投縣',266934512),(2019,8,'雲林縣',507337042),(2019,8,'嘉義縣',248316087),(2019,8,'屏東縣',419246227),(2019,8,'台東縣',96148768),(2019,8,'花蓮縣',222961043),(2019,8,'基隆市',153625155),(2019,8,'新竹市',945167157),(2019,8,'嘉義市',113067420),(2019,8,'澎湖縣',42034594),(2019,8,'金門縣',28232790),(2019,8,'連江縣',7085590),(2019,7,'新北市',1917883423),(2019,7,'台北市',1512688650),(2019,7,'桃園市',2456806110),(2019,7,'台中市',2802154540),(2019,7,'台南市',2393663871),(2019,7,'高雄市',2633173976),(2019,7,'宜蘭縣',305017203),(2019,7,'新竹縣',873288310),(2019,7,'苗栗縣',601319559),(2019,7,'彰化縣',1003708835),(2019,7,'南投縣',237788668),(2019,7,'雲林縣',497942462),(2019,7,'嘉義縣',250946038),(2019,7,'屏東縣',430695637),(2019,7,'台東縣',84528779),(2019,7,'花蓮縣',209569816),(2019,7,'基隆市',127372218),(2019,7,'新竹市',934005121),(2019,7,'嘉義市',110129792),(2019,7,'澎湖縣',45365406),(2019,7,'金門縣',29428573),(2019,7,'連江縣',6555781),(2019,6,'新北市',1685704296),(2019,6,'台北市',1313531926),(2019,6,'桃園市',2351350131),(2019,6,'台中市',2596682011),(2019,6,'台南市',2267569725),(2019,6,'高雄市',2411660619),(2019,6,'宜蘭縣',276701865),(2019,6,'新竹縣',836082808),(2019,6,'苗栗縣',544730209),(2019,6,'彰化縣',946495410),(2019,6,'南投縣',242159276),(2019,6,'雲林縣',468734715),(2019,6,'嘉義縣',231353461),(2019,6,'屏東縣',396979825),(2019,6,'台東縣',81376692),(2019,6,'花蓮縣',202992786),(2019,6,'基隆市',122339148),(2019,6,'新竹市',862189494),(2019,6,'嘉義市',99465228),(2019,6,'澎湖縣',37115540),(2019,6,'金門縣',24240293),(2019,6,'連江縣',5721446),(2019,5,'新北市',1647408556),(2019,5,'台北市',1273871785),(2019,5,'桃園市',2297044284),(2019,5,'台中市',2621162542),(2019,5,'台南市',2258856545),(2019,5,'高雄市',2515437260),(2019,5,'宜蘭縣',270022002),(2019,5,'新竹縣',807195754),(2019,5,'苗栗縣',588330298),(2019,5,'彰化縣',953038749),(2019,5,'南投縣',225573803),(2019,5,'雲林縣',475896340),(2019,5,'嘉義縣',235646038),(2019,5,'屏東縣',407611726),(2019,5,'台東縣',74741388),(2019,5,'花蓮縣',194123908),(2019,5,'基隆市',110557420),(2019,5,'新竹市',860099936),(2019,5,'嘉義市',95886640),(2019,5,'澎湖縣',37198998),(2019,5,'金門縣',25122153),(2019,5,'連江縣',5740013),(2019,4,'新北市',1478292667),(2019,4,'台北市',1107501573),(2019,4,'桃園市',2219609433),(2019,4,'台中市',2422483975),(2019,4,'台南市',2106009580),(2019,4,'高雄市',2293628187),(2019,4,'宜蘭縣',244332766),(2019,4,'新竹縣',774259901),(2019,4,'苗栗縣',551396181),(2019,4,'彰化縣',891163939),(2019,4,'南投縣',228348419),(2019,4,'雲林縣',438119835),(2019,4,'嘉義縣',213938223),(2019,4,'屏東縣',358970306),(2019,4,'台東縣',72581683),(2019,4,'花蓮縣',189989742),(2019,4,'基隆市',112503243),(2019,4,'新竹市',806433483),(2019,4,'嘉義市',83529860),(2019,4,'澎湖縣',30386923),(2019,4,'金門縣',20225822),(2019,4,'連江縣',5134095),(2019,3,'新北市',1481707798),(2019,3,'台北市',1102624867),(2019,3,'桃園市',2148375955),(2019,3,'台中市',2432571961),(2019,3,'台南市',2073573102),(2019,3,'高雄市',2369848255),(2019,3,'宜蘭縣',263464142),(2019,3,'新竹縣',755411230),(2019,3,'苗栗縣',532737642),(2019,3,'彰化縣',880848847),(2019,3,'南投縣',209143657),(2019,3,'雲林縣',437794074),(2019,3,'嘉義縣',225020473),(2019,3,'屏東縣',364667104),(2019,3,'台東縣',69775852),(2019,3,'花蓮縣',182540719),(2019,3,'基隆市',102986760),(2019,3,'新竹市',801123202),(2019,3,'嘉義市',83233885),(2019,3,'澎湖縣',32221686),(2019,3,'金門縣',22134513),(2019,3,'連江縣',5580777),(2019,2,'新北市',1345485215),(2019,2,'台北市',996822623),(2019,2,'桃園市',1904721317),(2019,2,'台中市',2125713198),(2019,2,'台南市',1823699251),(2019,2,'高雄市',2016182207),(2019,2,'宜蘭縣',216806622),(2019,2,'新竹縣',674752067),(2019,2,'苗栗縣',439082419),(2019,2,'彰化縣',755956926),(2019,2,'南投縣',195607854),(2019,2,'雲林縣',380974831),(2019,2,'嘉義縣',183360378),(2019,2,'屏東縣',323973132),(2019,2,'台東縣',67807089),(2019,2,'花蓮縣',177093381),(2019,2,'基隆市',103344266),(2019,2,'新竹市',715389447),(2019,2,'嘉義市',77249315),(2019,2,'澎湖縣',27666548),(2019,2,'金門縣',18505507),(2019,2,'連江縣',5318706),(2019,1,'新北市',1510010258),(2019,1,'台北市',1131209803),(2019,1,'桃園市',2180349937),(2019,1,'台中市',2414469027),(2019,1,'台南市',2079914743),(2019,1,'高雄市',2376885091),(2019,1,'宜蘭縣',263135032),(2019,1,'新竹縣',753587840),(2019,1,'苗栗縣',515379052),(2019,1,'彰化縣',871205495),(2019,1,'南投縣',210742423),(2019,1,'雲林縣',428502047),(2019,1,'嘉義縣',208906976),(2019,1,'屏東縣',368646848),(2019,1,'台東縣',68093884),(2019,1,'花蓮縣',179465102),(2019,1,'基隆市',102164723),(2019,1,'新竹市',791990830),(2019,1,'嘉義市',84051285),(2019,1,'澎湖縣',32809597),(2019,1,'金門縣',21175729),(2019,1,'連江縣',5659715),(2018,12,'新北市',1504466265),(2018,12,'台北市',1128978773),(2018,12,'桃園市',2237561679),(2018,12,'台中市',2449562092),(2018,12,'台南市',2111050089),(2018,12,'高雄市',2365671725),(2018,12,'宜蘭縣',256372107),(2018,12,'新竹縣',780230228),(2018,12,'苗栗縣',520593680),(2018,12,'彰化縣',885557441),(2018,12,'南投縣',233198694),(2018,12,'雲林縣',434295582),(2018,12,'嘉義縣',223973986),(2018,12,'屏東縣',368353002),(2018,12,'台東縣',74081695),(2018,12,'花蓮縣',196968111),(2018,12,'基隆市',110687459),(2018,12,'新竹市',796994678),(2018,12,'嘉義市',87038783),(2018,12,'澎湖縣',30740304),(2018,12,'金門縣',19629809),(2018,12,'連江縣',5039585),(2018,11,'新北市',1681138848),(2018,11,'台北市',1277592894),(2018,11,'桃園市',2244009903),(2018,11,'台中市',2549321892),(2018,11,'台南市',2163218377),(2018,11,'高雄市',2581802032),(2018,11,'宜蘭縣',267891034),(2018,11,'新竹縣',783838781),(2018,11,'苗栗縣',532339604),(2018,11,'彰化縣',925892471),(2018,11,'南投縣',225842056),(2018,11,'雲林縣',471762611),(2018,11,'嘉義縣',249066205),(2018,11,'屏東縣',397324986),(2018,11,'台東縣',74443985),(2018,11,'花蓮縣',198503329),(2018,11,'基隆市',112856780),(2018,11,'新竹市',827550181),(2018,11,'嘉義市',97556632),(2018,11,'澎湖縣',36383125),(2018,11,'金門縣',25117151),(2018,11,'連江縣',5546702),(2018,10,'新北市',1889120031),(2018,10,'台北市',1409620235),(2018,10,'桃園市',2483870272),(2018,10,'台中市',2695719894),(2018,10,'台南市',2286469181),(2018,10,'高雄市',2567805514),(2018,10,'宜蘭縣',297192400),(2018,10,'新竹縣',860825073),(2018,10,'苗栗縣',585094776),(2018,10,'彰化縣',996646001),(2018,10,'南投縣',260378669),(2018,10,'雲林縣',495756678),(2018,10,'嘉義縣',250337361),(2018,10,'屏東縣',393669700),(2018,10,'台東縣',86245925),(2018,10,'花蓮縣',217290203),(2018,10,'基隆市',142108766),(2018,10,'新竹市',868937634),(2018,10,'嘉義市',104589413),(2018,10,'澎湖縣',36634446),(2018,10,'金門縣',26141095),(2018,10,'連江縣',6137582),(2018,9,'新北市',2170327789),(2018,9,'台北市',1657419241),(2018,9,'桃園市',2515491497),(2018,9,'台中市',2800164113),(2018,9,'台南市',2302791061),(2018,9,'高雄市',2657940523),(2018,9,'宜蘭縣',316040570),(2018,9,'新竹縣',874789027),(2018,9,'苗栗縣',632122618),(2018,9,'彰化縣',1002401811),(2018,9,'南投縣',243181666),(2018,9,'雲林縣',518819055),(2018,9,'嘉義縣',263184874),(2018,9,'屏東縣',421247571),(2018,9,'台東縣',88234450),(2018,9,'花蓮縣',220386753),(2018,9,'基隆市',147216944),(2018,9,'新竹市',917279050),(2018,9,'嘉義市',115151414),(2018,9,'澎湖縣',46837618),(2018,9,'金門縣',33287898),(2018,9,'連江縣',7428782),(2018,8,'新北市',2103958826),(2018,8,'台北市',1608964702),(2018,8,'桃園市',2738579265),(2018,8,'台中市',2842121514),(2018,8,'台南市',2396620642),(2018,8,'高雄市',2573983174),(2018,8,'宜蘭縣',325718182),(2018,8,'新竹縣',934185007),(2018,8,'苗栗縣',640895765),(2018,8,'彰化縣',1058094615),(2018,8,'南投縣',272616760),(2018,8,'雲林縣',518456494),(2018,8,'嘉義縣',256952770),(2018,8,'屏東縣',415841897),(2018,8,'台東縣',94514110),(2018,8,'花蓮縣',216812013),(2018,8,'基隆市',154084183),(2018,8,'新竹市',940922011),(2018,8,'嘉義市',113678123),(2018,8,'澎湖縣',41637147),(2018,8,'金門縣',29516382),(2018,8,'連江縣',6956055),(2018,7,'新北市',2029238079),(2018,7,'台北市',1583110202),(2018,7,'桃園市',2552223833),(2018,7,'台中市',2837048784),(2018,7,'台南市',2380802307),(2018,7,'高雄市',2711530037),(2018,7,'宜蘭縣',305975956),(2018,7,'新竹縣',898167407),(2018,7,'苗栗縣',644302298),(2018,7,'彰化縣',1022389518),(2018,7,'南投縣',245945117),(2018,7,'雲林縣',525539339),(2018,7,'嘉義縣',266479164),(2018,7,'屏東縣',435900954),(2018,7,'台東縣',86963029),(2018,7,'花蓮縣',217978115),(2018,7,'基隆市',132114043),(2018,7,'新竹市',932806061),(2018,7,'嘉義市',115211154),(2018,7,'澎湖縣',45509587),(2018,7,'金門縣',31003263),(2018,7,'連江縣',6789515),(2018,6,'新北市',1737875084),(2018,6,'台北市',1354281666),(2018,6,'桃園市',2462459899),(2018,6,'台中市',2619044706),(2018,6,'台南市',2272307669),(2018,6,'高雄市',2461997200),(2018,6,'宜蘭縣',279169239),(2018,6,'新竹縣',858100182),(2018,6,'苗栗縣',587717734),(2018,6,'彰化縣',964502649),(2018,6,'南投縣',253561404),(2018,6,'雲林縣',495684804),(2018,6,'嘉義縣',243822317),(2018,6,'屏東縣',401143618),(2018,6,'台東縣',80918984),(2018,6,'花蓮縣',202931108),(2018,6,'基隆市',124344618),(2018,6,'新竹市',864537127),(2018,6,'嘉義市',103844342),(2018,6,'澎湖縣',35632426),(2018,6,'金門縣',24191483),(2018,6,'連江縣',5544957),(2018,5,'新北市',1646925369),(2018,5,'台北市',1288357783),(2018,5,'桃園市',2396692079),(2018,5,'台中市',2590834090),(2018,5,'台南市',2251893570),(2018,5,'高雄市',2573584622),(2018,5,'宜蘭縣',267460496),(2018,5,'新竹縣',840323033),(2018,5,'苗栗縣',597947160),(2018,5,'彰化縣',939570775),(2018,5,'南投縣',229629197),(2018,5,'雲林縣',480238080),(2018,5,'嘉義縣',241547259),(2018,5,'屏東縣',396003525),(2018,5,'台東縣',72370808),(2018,5,'花蓮縣',198276036),(2018,5,'基隆市',108947075),(2018,5,'新竹市',869003456),(2018,5,'嘉義市',96432063),(2018,5,'澎湖縣',36851224),(2018,5,'金門縣',25191269),(2018,5,'連江縣',5616235),(2018,4,'新北市',1508131841),(2018,4,'台北市',1116328430),(2018,4,'桃園市',2283588956),(2018,4,'台中市',2363154639),(2018,4,'台南市',2072834232),(2018,4,'高雄市',2308615434),(2018,4,'宜蘭縣',259945067),(2018,4,'新竹縣',788812347),(2018,4,'苗栗縣',550970764),(2018,4,'彰化縣',870078699),(2018,4,'南投縣',229842269),(2018,4,'雲林縣',444931784),(2018,4,'嘉義縣',218114581),(2018,4,'屏東縣',350762094),(2018,4,'台東縣',72061583),(2018,4,'花蓮縣',189968879),(2018,4,'基隆市',113577315),(2018,4,'新竹市',795093132),(2018,4,'嘉義市',86443919),(2018,4,'澎湖縣',30341186),(2018,4,'金門縣',20913188),(2018,4,'連江縣',4982485),(2018,3,'新北市',1533856870),(2018,3,'台北市',1140108714),(2018,3,'桃園市',2287121835),(2018,3,'台中市',2380199563),(2018,3,'台南市',2099280030),(2018,3,'高雄市',2440946672),(2018,3,'宜蘭縣',259470866),(2018,3,'新竹縣',785687237),(2018,3,'苗栗縣',576675617),(2018,3,'彰化縣',864983874),(2018,3,'南投縣',219810836),(2018,3,'雲林縣',448037994),(2018,3,'嘉義縣',209604004),(2018,3,'屏東縣',360200016),(2018,3,'台東縣',67688838),(2018,3,'花蓮縣',179222297),(2018,3,'基隆市',106165872),(2018,3,'新竹市',813221087),(2018,3,'嘉義市',85603384),(2018,3,'澎湖縣',32356503),(2018,3,'金門縣',22387689),(2018,3,'連江縣',5409809),(2018,2,'新北市',1343232470),(2018,2,'台北市',960573968),(2018,2,'桃園市',1937920819),(2018,2,'台中市',2026435746),(2018,2,'台南市',1798306343),(2018,2,'高雄市',1969086415),(2018,2,'宜蘭縣',219364742),(2018,2,'新竹縣',685010660),(2018,2,'苗栗縣',460807901),(2018,2,'彰化縣',724606920),(2018,2,'南投縣',198912207),(2018,2,'雲林縣',373327319),(2018,2,'嘉義縣',168985490),(2018,2,'屏東縣',298386123),(2018,2,'台東縣',63219463),(2018,2,'花蓮縣',165594324),(2018,2,'基隆市',100666846),(2018,2,'新竹市',701635030),(2018,2,'嘉義市',74389240),(2018,2,'澎湖縣',25791545),(2018,2,'金門縣',17644868),(2018,2,'連江縣',4687980),(2018,1,'新北市',1532970964),(2018,1,'台北市',1118046574),(2018,1,'桃園市',2234714295),(2018,1,'台中市',2334510141),(2018,1,'台南市',2054802829),(2018,1,'高雄市',2333441467),(2018,1,'宜蘭縣',263248720),(2018,1,'新竹縣',765942977),(2018,1,'苗栗縣',552615822),(2018,1,'彰化縣',850165922),(2018,1,'南投縣',212733260),(2018,1,'雲林縣',425287789),(2018,1,'嘉義縣',201723019),(2018,1,'屏東縣',351288637),(2018,1,'台東縣',66026372),(2018,1,'花蓮縣',188162478),(2018,1,'基隆市',102180995),(2018,1,'新竹市',782141965),(2018,1,'嘉義市',82013218),(2018,1,'澎湖縣',30326534),(2018,1,'金門縣',21277607),(2018,1,'連江縣',5408791),(2017,12,'新北市',1544988948),(2017,12,'台北市',1138558782),(2017,12,'桃園市',2309269045),(2017,12,'台中市',2335693553),(2017,12,'台南市',2114139516),(2017,12,'高雄市',2289105406),(2017,12,'宜蘭縣',258547001),(2017,12,'新竹縣',786300814),(2017,12,'苗栗縣',569530527),(2017,12,'彰化縣',877667110),(2017,12,'南投縣',234171191),(2017,12,'雲林縣',438159958),(2017,12,'嘉義縣',219879904),(2017,12,'屏東縣',359377533),(2017,12,'台東縣',73431822),(2017,12,'花蓮縣',198599095),(2017,12,'基隆市',115200421),(2017,12,'新竹市',786890947),(2017,12,'嘉義市',88170507),(2017,12,'澎湖縣',28446869),(2017,12,'金門縣',19670795),(2017,12,'連江縣',4811385),(2017,11,'新北市',1855753371),(2017,11,'台北市',1402975679),(2017,11,'桃園市',2361300099),(2017,11,'台中市',2577837228),(2017,11,'台南市',2230685813),(2017,11,'高雄市',2577317623),(2017,11,'宜蘭縣',277110730),(2017,11,'新竹縣',812911103),(2017,11,'苗栗縣',643120234),(2017,11,'彰化縣',949133980),(2017,11,'南投縣',231443791),(2017,11,'雲林縣',480518306),(2017,11,'嘉義縣',249200234),(2017,11,'屏東縣',420680986),(2017,11,'台東縣',79033149),(2017,11,'花蓮縣',208459123),(2017,11,'基隆市',123526491),(2017,11,'新竹市',838809081),(2017,11,'嘉義市',108669066),(2017,11,'澎湖縣',38186458),(2017,11,'金門縣',27337603),(2017,11,'連江縣',5751399),(2017,10,'新北市',2062012500),(2017,10,'台北市',1572460035),(2017,10,'桃園市',2646062905),(2017,10,'台中市',2705981278),(2017,10,'台南市',2382696138),(2017,10,'高雄市',2543888571),(2017,10,'宜蘭縣',310281780),(2017,10,'新竹縣',905816808),(2017,10,'苗栗縣',629389272),(2017,10,'彰化縣',1017756113),(2017,10,'南投縣',268990583),(2017,10,'雲林縣',514458056),(2017,10,'嘉義縣',255475232),(2017,10,'屏東縣',422624977),(2017,10,'台東縣',91116008),(2017,10,'花蓮縣',229069802),(2017,10,'基隆市',155866679),(2017,10,'新竹市',895495232),(2017,10,'嘉義市',118188002),(2017,10,'澎湖縣',37944278),(2017,10,'金門縣',28415950),(2017,10,'連江縣',6562556),(2017,9,'新北市',2192327946),(2017,9,'台北市',1701313313),(2017,9,'桃園市',2604833911),(2017,9,'台中市',2671502030),(2017,9,'台南市',2366971676),(2017,9,'高雄市',2630942312),(2017,9,'宜蘭縣',322947930),(2017,9,'新竹縣',893888890),(2017,9,'苗栗縣',653526971),(2017,9,'彰化縣',1007494281),(2017,9,'南投縣',243815947),(2017,9,'雲林縣',513822952),(2017,9,'嘉義縣',255600850),(2017,9,'屏東縣',433909863),(2017,9,'台東縣',87285656),(2017,9,'花蓮縣',229443954),(2017,9,'基隆市',150441095),(2017,9,'新竹市',923005018),(2017,9,'嘉義市',118277670),(2017,9,'澎湖縣',44932981),(2017,9,'金門縣',33009342),(2017,9,'連江縣',7303972),(2017,8,'新北市',2048605320),(2017,8,'台北市',1607631896),(2017,8,'桃園市',2708178416),(2017,8,'台中市',2654140054),(2017,8,'台南市',2414729851),(2017,8,'高雄市',2534660582),(2017,8,'宜蘭縣',316721095),(2017,8,'新竹縣',924254900),(2017,8,'苗栗縣',634679847),(2017,8,'彰化縣',1019626105),(2017,8,'南投縣',263611058),(2017,8,'雲林縣',503445911),(2017,8,'嘉義縣',243505978),(2017,8,'屏東縣',417054255),(2017,8,'台東縣',92547159),(2017,8,'花蓮縣',216932361),(2017,8,'基隆市',155758427),(2017,8,'新竹市',926143398),(2017,8,'嘉義市',112878320),(2017,8,'澎湖縣',38909813),(2017,8,'金門縣',28746562),(2017,8,'連江縣',6832715),(2017,7,'新北市',1910196618),(2017,7,'台北市',1525654691),(2017,7,'桃園市',2498523899),(2017,7,'台中市',2576809682),(2017,7,'台南市',2358167174),(2017,7,'高雄市',2622576013),(2017,7,'宜蘭縣',286913344),(2017,7,'新竹縣',873525981),(2017,7,'苗栗縣',614649777),(2017,7,'彰化縣',969024389),(2017,7,'南投縣',234400882),(2017,7,'雲林縣',499472064),(2017,7,'嘉義縣',245120436),(2017,7,'屏東縣',431740565),(2017,7,'台東縣',83810959),(2017,7,'花蓮縣',218191565),(2017,7,'基隆市',130347975),(2017,7,'新竹市',912134920),(2017,7,'嘉義市',111350335),(2017,7,'澎湖縣',42812552),(2017,7,'金門縣',29481081),(2017,7,'連江縣',6734547),(2017,6,'新北市',1621998211),(2017,6,'台北市',1291302136),(2017,6,'桃園市',2403773203),(2017,6,'台中市',2400586196),(2017,6,'台南市',2256230158),(2017,6,'高雄市',2345587574),(2017,6,'宜蘭縣',250226068),(2017,6,'新竹縣',833525011),(2017,6,'苗栗縣',570690458),(2017,6,'彰化縣',905739367),(2017,6,'南投縣',240107918),(2017,6,'雲林縣',462814123),(2017,6,'嘉義縣',237270115),(2017,6,'屏東縣',384582946),(2017,6,'台東縣',77262814),(2017,6,'花蓮縣',195817782),(2017,6,'基隆市',119821377),(2017,6,'新竹市',845163798),(2017,6,'嘉義市',97790381),(2017,6,'澎湖縣',32631880),(2017,6,'金門縣',23241338),(2017,6,'連江縣',5337099),(2017,5,'新北市',1604073223),(2017,5,'台北市',1250054545),(2017,5,'桃園市',2303819732),(2017,5,'台中市',2380540973),(2017,5,'台南市',2202892195),(2017,5,'高雄市',2413309918),(2017,5,'宜蘭縣',253139243),(2017,5,'新竹縣',789026971),(2017,5,'苗栗縣',586843220),(2017,5,'彰化縣',879138920),(2017,5,'南投縣',218919759),(2017,5,'雲林縣',458932003),(2017,5,'嘉義縣',219890032),(2017,5,'屏東縣',384914290),(2017,5,'台東縣',71510382),(2017,5,'花蓮縣',199847073),(2017,5,'基隆市',108709042),(2017,5,'新竹市',844559625),(2017,5,'嘉義市',94117108),(2017,5,'澎湖縣',34256461),(2017,5,'金門縣',24178809),(2017,5,'連江縣',5538595),(2017,4,'新北市',1465865214),(2017,4,'台北市',1096027974),(2017,4,'桃園市',2214381347),(2017,4,'台中市',2193720267),(2017,4,'台南市',2058841905),(2017,4,'高雄市',2179639724),(2017,4,'宜蘭縣',252004743),(2017,4,'新竹縣',753833168),(2017,4,'苗栗縣',579003087),(2017,4,'彰化縣',827465975),(2017,4,'南投縣',222759219),(2017,4,'雲林縣',422261731),(2017,4,'嘉義縣',206449631),(2017,4,'屏東縣',341012939),(2017,4,'台東縣',69675201),(2017,4,'花蓮縣',189279217),(2017,4,'基隆市',110415909),(2017,4,'新竹市',783381501),(2017,4,'嘉義市',83635498),(2017,4,'澎湖縣',27642211),(2017,4,'金門縣',19892978),(2017,4,'連江縣',4906317),(2017,3,'新北市',1452090265),(2017,3,'台北市',1096871575),(2017,3,'桃園市',2198354831),(2017,3,'台中市',2190227833),(2017,3,'台南市',2084095136),(2017,3,'高雄市',2272826631),(2017,3,'宜蘭縣',254482584),(2017,3,'新竹縣',738514402),(2017,3,'苗栗縣',590974569),(2017,3,'彰化縣',843931367),(2017,3,'南投縣',211023606),(2017,3,'雲林縣',426801511),(2017,3,'嘉義縣',206026631),(2017,3,'屏東縣',344521685),(2017,3,'台東縣',65236366),(2017,3,'花蓮縣',187192452),(2017,3,'基隆市',100752111),(2017,3,'新竹市',791147306),(2017,3,'嘉義市',82325682),(2017,3,'澎湖縣',29558062),(2017,3,'金門縣',21009693),(2017,3,'連江縣',5184865),(2017,2,'新北市',1343642035),(2017,2,'台北市',1004913497),(2017,2,'桃園市',2018778028),(2017,2,'台中市',1951326206),(2017,2,'台南市',1880400237),(2017,2,'高雄市',1985614548),(2017,2,'宜蘭縣',233981801),(2017,2,'新竹縣',679429911),(2017,2,'苗栗縣',500481374),(2017,2,'彰化縣',757717135),(2017,2,'南投縣',209968903),(2017,2,'雲林縣',389833650),(2017,2,'嘉義縣',186211938),(2017,2,'屏東縣',318383360),(2017,2,'台東縣',66403705),(2017,2,'花蓮縣',173542825),(2017,2,'基隆市',104843532),(2017,2,'新竹市',709159884),(2017,2,'嘉義市',79050904),(2017,2,'澎湖縣',25506252),(2017,2,'金門縣',17824956),(2017,2,'連江縣',5642039),(2017,1,'新北市',1448918060),(2017,1,'台北市',1121496020),(2017,1,'桃園市',2033674949),(2017,1,'台中市',2099071616),(2017,1,'台南市',1993289889),(2017,1,'高雄市',2193737203),(2017,1,'宜蘭縣',243346798),(2017,1,'新竹縣',710392457),(2017,1,'苗栗縣',537635705),(2017,1,'彰化縣',781699122),(2017,1,'南投縣',198988693),(2017,1,'雲林縣',408427426),(2017,1,'嘉義縣',191817774),(2017,1,'屏東縣',343559899),(2017,1,'台東縣',65013081),(2017,1,'花蓮縣',181386333),(2017,1,'基隆市',100518699),(2017,1,'新竹市',786383405),(2017,1,'嘉義市',83510583),(2017,1,'澎湖縣',30432008),(2017,1,'金門縣',20701390),(2017,1,'連江縣',7077814),(2016,12,'新北市',1556857242),(2016,12,'台北市',1193795389),(2016,12,'桃園市',2289340636),(2016,12,'台中市',2232397763),(2016,12,'台南市',2184790727),(2016,12,'高雄市',2261658897),(2016,12,'宜蘭縣',267752242),(2016,12,'新竹縣',771494592),(2016,12,'苗栗縣',563912880),(2016,12,'彰化縣',873412583),(2016,12,'南投縣',238588025),(2016,12,'雲林縣',441226183),(2016,12,'嘉義縣',205685119),(2016,12,'屏東縣',361084733),(2016,12,'台東縣',72964435),(2016,12,'花蓮縣',206908449),(2016,12,'基隆市',116260791),(2016,12,'新竹市',810730410),(2016,12,'嘉義市',91830734),(2016,12,'澎湖縣',28800354),(2016,12,'金門縣',19813200),(2016,12,'連江縣',5006754),(2016,11,'新北市',1774903728),(2016,11,'台北市',1378544669),(2016,11,'桃園市',2277246609),(2016,11,'台中市',2354935550),(2016,11,'台南市',2228756607),(2016,11,'高雄市',2530741821),(2016,11,'宜蘭縣',282568336),(2016,11,'新竹縣',770691086),(2016,11,'苗栗縣',579923964),(2016,11,'彰化縣',903077856),(2016,11,'南投縣',226561425),(2016,11,'雲林縣',467659732),(2016,11,'嘉義縣',240970386),(2016,11,'屏東縣',392507807),(2016,11,'台東縣',76284078),(2016,11,'花蓮縣',203023212),(2016,11,'基隆市',119765452),(2016,11,'新竹市',845503378),(2016,11,'嘉義市',105359292),(2016,11,'澎湖縣',36913762),(2016,11,'金門縣',25812929),(2016,11,'連江縣',6247090),(2016,10,'新北市',1904718339),(2016,10,'台北市',1501915721),(2016,10,'桃園市',2513685699),(2016,10,'台中市',2449027294),(2016,10,'台南市',2348668284),(2016,10,'高雄市',2461168605),(2016,10,'宜蘭縣',296404194),(2016,10,'新竹縣',851560493),(2016,10,'苗栗縣',601403135),(2016,10,'彰化縣',949690232),(2016,10,'南投縣',258446653),(2016,10,'雲林縣',485531063),(2016,10,'嘉義縣',241950797),(2016,10,'屏東縣',380899426),(2016,10,'台東縣',85432061),(2016,10,'花蓮縣',221080872),(2016,10,'基隆市',145745284),(2016,10,'新竹市',905602795),(2016,10,'嘉義市',110125615),(2016,10,'澎湖縣',35484608),(2016,10,'金門縣',26526783),(2016,10,'連江縣',6379786),(2016,9,'新北市',2135313574),(2016,9,'台北市',1672035633),(2016,9,'桃園市',2470506923),(2016,9,'台中市',2490892897),(2016,9,'台南市',2321855517),(2016,9,'高雄市',2467598098),(2016,9,'宜蘭縣',304576411),(2016,9,'新竹縣',826912830),(2016,9,'苗栗縣',620421739),(2016,9,'彰化縣',948693670),(2016,9,'南投縣',238393139),(2016,9,'雲林縣',505222073),(2016,9,'嘉義縣',250988795),(2016,9,'屏東縣',416514600),(2016,9,'台東縣',87390257),(2016,9,'花蓮縣',220277466),(2016,9,'基隆市',147439305),(2016,9,'新竹市',918904925),(2016,9,'嘉義市',118983192),(2016,9,'澎湖縣',44125302),(2016,9,'金門縣',31593156),(2016,9,'連江縣',6795235),(2016,8,'新北市',2072821124),(2016,8,'台北市',1644832863),(2016,8,'桃園市',2703450238),(2016,8,'台中市',2545480749),(2016,8,'台南市',2465782394),(2016,8,'高雄市',2483044373),(2016,8,'宜蘭縣',321095212),(2016,8,'新竹縣',883637359),(2016,8,'苗栗縣',643446822),(2016,8,'彰化縣',1003815750),(2016,8,'南投縣',271720907),(2016,8,'雲林縣',511027677),(2016,8,'嘉義縣',248329507),(2016,8,'屏東縣',422081565),(2016,8,'台東縣',95278688),(2016,8,'花蓮縣',235365186),(2016,8,'基隆市',160137080),(2016,8,'新竹市',943859712),(2016,8,'嘉義市',118754131),(2016,8,'澎湖縣',39300388),(2016,8,'金門縣',29735457),(2016,8,'連江縣',6334581),(2016,7,'新北市',1965395229),(2016,7,'台北市',1581709292),(2016,7,'桃園市',2497612375),(2016,7,'台中市',2465235313),(2016,7,'台南市',2395967098),(2016,7,'高雄市',2585365054),(2016,7,'宜蘭縣',304597476),(2016,7,'新竹縣',838453793),(2016,7,'苗栗縣',652731765),(2016,7,'彰化縣',950258957),(2016,7,'南投縣',237225959),(2016,7,'雲林縣',501170617),(2016,7,'嘉義縣',249507718),(2016,7,'屏東縣',434377109),(2016,7,'台東縣',85642787),(2016,7,'花蓮縣',221221167),(2016,7,'基隆市',135350450),(2016,7,'新竹市',932729976),(2016,7,'嘉義市',115756598),(2016,7,'澎湖縣',43322883),(2016,7,'金門縣',30617657),(2016,7,'連江縣',6079007),(2016,6,'新北市',1680046650),(2016,6,'台北市',1359963997),(2016,6,'桃園市',2410037421),(2016,6,'台中市',2265577580),(2016,6,'台南市',2283335839),(2016,6,'高雄市',2309530549),(2016,6,'宜蘭縣',268822917),(2016,6,'新竹縣',803620914),(2016,6,'苗栗縣',587229161),(2016,6,'彰化縣',893024265),(2016,6,'南投縣',246152344),(2016,6,'雲林縣',458638841),(2016,6,'嘉義縣',225194924),(2016,6,'屏東縣',388735219),(2016,6,'台東縣',83708834),(2016,6,'花蓮縣',207583019),(2016,6,'基隆市',126455922),(2016,6,'新竹市',875258398),(2016,6,'嘉義市',103360370),(2016,6,'澎湖縣',33176283),(2016,6,'金門縣',24401297),(2016,6,'連江縣',5170674),(2016,5,'新北市',1639105579),(2016,5,'台北市',1307357227),(2016,5,'桃園市',2327401081),(2016,5,'台中市',2249400027),(2016,5,'台南市',2247108479),(2016,5,'高雄市',2422901142),(2016,5,'宜蘭縣',269799731),(2016,5,'新竹縣',780830811),(2016,5,'苗栗縣',601105388),(2016,5,'彰化縣',869301863),(2016,5,'南投縣',224115491),(2016,5,'雲林縣',446421400),(2016,5,'嘉義縣',219846266),(2016,5,'屏東縣',387934071),(2016,5,'台東縣',75856593),(2016,5,'花蓮縣',197944234),(2016,5,'基隆市',111830924),(2016,5,'新竹市',877069919),(2016,5,'嘉義市',99435649),(2016,5,'澎湖縣',34834064),(2016,5,'金門縣',25013691),(2016,5,'連江縣',5450801),(2016,4,'新北市',1449975615),(2016,4,'台北市',1110962997),(2016,4,'桃園市',2224819456),(2016,4,'台中市',2020545075),(2016,4,'台南市',2088429733),(2016,4,'高雄市',2135981945),(2016,4,'宜蘭縣',247485027),(2016,4,'新竹縣',730258417),(2016,4,'苗栗縣',565557129),(2016,4,'彰化縣',808301906),(2016,4,'南投縣',224403475),(2016,4,'雲林縣',401008859),(2016,4,'嘉義縣',204020737),(2016,4,'屏東縣',331635305),(2016,4,'台東縣',71446104),(2016,4,'花蓮縣',187029404),(2016,4,'基隆市',111525103),(2016,4,'新竹市',801421423),(2016,4,'嘉義市',84681887),(2016,4,'澎湖縣',27418043),(2016,4,'金門縣',19869831),(2016,4,'連江縣',4338964),(2016,3,'新北市',1471398340),(2016,3,'台北市',1109312620),(2016,3,'桃園市',2149953592),(2016,3,'台中市',2015081290),(2016,3,'台南市',2051788742),(2016,3,'高雄市',2176257104),(2016,3,'宜蘭縣',254676854),(2016,3,'新竹縣',704759481),(2016,3,'苗栗縣',562881903),(2016,3,'彰化縣',786543315),(2016,3,'南投縣',206153288),(2016,3,'雲林縣',404473381),(2016,3,'嘉義縣',196720866),(2016,3,'屏東縣',338976031),(2016,3,'台東縣',66602636),(2016,3,'花蓮縣',181283922),(2016,3,'基隆市',102707200),(2016,3,'新竹市',806497167),(2016,3,'嘉義市',82684365),(2016,3,'澎湖縣',29816139),(2016,3,'金門縣',21416057),(2016,3,'連江縣',5430606),(2016,2,'新北市',1279999291),(2016,2,'台北市',966930039),(2016,2,'桃園市',1860291291),(2016,2,'台中市',1725326083),(2016,2,'台南市',1731641871),(2016,2,'高雄市',1822350145),(2016,2,'宜蘭縣',216579563),(2016,2,'新竹縣',638411621),(2016,2,'苗栗縣',481399732),(2016,2,'彰化縣',663815545),(2016,2,'南投縣',187775398),(2016,2,'雲林縣',346763752),(2016,2,'嘉義縣',161477072),(2016,2,'屏東縣',286930473),(2016,2,'台東縣',62825604),(2016,2,'花蓮縣',169378215),(2016,2,'基隆市',99265624),(2016,2,'新竹市',719706985),(2016,2,'嘉義市',73985549),(2016,2,'澎湖縣',24143144),(2016,2,'金門縣',17481957),(2016,2,'連江縣',4683384),(2016,1,'新北市',1439212950),(2016,1,'台北市',1108842737),(2016,1,'桃園市',2078943261),(2016,1,'台中市',1974035601),(2016,1,'台南市',1990741971),(2016,1,'高雄市',2138963056),(2016,1,'宜蘭縣',253229857),(2016,1,'新竹縣',687180753),(2016,1,'苗栗縣',559187594),(2016,1,'彰化縣',762764410),(2016,1,'南投縣',197406769),(2016,1,'雲林縣',394717527),(2016,1,'嘉義縣',191048809),(2016,1,'屏東縣',336248376),(2016,1,'台東縣',66000524),(2016,1,'花蓮縣',180865259),(2016,1,'基隆市',99858588),(2016,1,'新竹市',784782388),(2016,1,'嘉義市',82303822),(2016,1,'澎湖縣',29677894),(2016,1,'金門縣',20582051),(2016,1,'連江縣',4926983);
/*!40000 ALTER TABLE `electricity` ENABLE KEYS */;
UNLOCK TABLES;

--
-- Table structure for table `fuel`
--

DROP TABLE IF EXISTS `fuel`;
/*!40101 SET @saved_cs_client     = @@character_set_client */;
/*!50503 SET character_set_client = utf8mb4 */;
CREATE TABLE `fuel` (
  `year` int DEFAULT NULL,
  `month` int DEFAULT NULL,
  `city` char(10) DEFAULT NULL,
  `gasoline` int DEFAULT NULL,
  `diesel_fuel` int DEFAULT NULL
) ENGINE=InnoDB DEFAULT CHARSET=utf8mb4 COLLATE=utf8mb4_0900_ai_ci;
/*!40101 SET character_set_client = @saved_cs_client */;

--
-- Dumping data for table `fuel`
--

LOCK TABLES `fuel` WRITE;
/*!40000 ALTER TABLE `fuel` DISABLE KEYS */;
INSERT INTO `fuel` VALUES (2020,2,'臺北市',56258,7636),(2020,2,'新北市',101741,33377),(2020,2,'桃園市',85885,46324),(2020,2,'臺中市',103360,48412),(2020,2,'臺南市',72462,35555),(2020,2,'高雄市',80668,46713),(2020,2,'基隆市',10333,4640),(2020,2,'新竹市',15484,3662),(2020,2,'嘉義市',10225,3168),(2020,2,'新竹縣',26401,10311),(2020,2,'苗栗縣',24347,13802),(2020,2,'彰化縣',40286,21879),(2020,2,'南投縣',21837,11375),(2020,2,'雲林縣',26315,17991),(2020,2,'嘉義縣',19495,12802),(2020,2,'屏東縣',30701,19236),(2020,2,'臺東縣',8281,3828),(2020,2,'花蓮縣',12005,6715),(2020,2,'宜蘭縣',16916,9613),(2020,2,'澎湖縣',1954,1007),(2020,2,'金門縣',1488,992),(2020,2,'連江縣',177,714),(2018,9,'臺北市',69796,9722),(2018,9,'新北市',117691,37700),(2018,9,'桃園市',97134,49948),(2018,9,'臺中市',117130,54609),(2018,9,'臺南市',78996,35324),(2018,9,'高雄市',92857,51783),(2018,9,'基隆市',12179,5788),(2018,9,'新竹市',17334,3907),(2018,9,'嘉義市',11244,3481),(2018,9,'新竹縣',29530,11153),(2018,9,'苗栗縣',26159,14743),(2018,9,'彰化縣',45203,22199),(2018,9,'南投縣',23506,11622),(2018,9,'雲林縣',29900,18548),(2018,9,'嘉義縣',21528,12866),(2018,9,'屏東縣',32470,19494),(2018,9,'臺東縣',8690,4547),(2018,9,'花蓮縣',12778,7125),(2018,9,'宜蘭縣',18240,10336),(2018,9,'澎湖縣',2418,1655),(2018,9,'金門縣',1843,1626),(2018,9,'連江縣',167,110),(2020,10,'臺北市',63350,8554),(2020,10,'新北市',112645,38129),(2020,10,'桃園市',93008,50268),(2020,10,'臺中市',111749,52488),(2020,10,'臺南市',78638,37725),(2020,10,'高雄市',87191,50162),(2020,10,'基隆市',11994,5390),(2020,10,'新竹市',17241,4239),(2020,10,'嘉義市',10939,2981),(2020,10,'新竹縣',28175,11563),(2020,10,'苗栗縣',25747,15414),(2020,10,'彰化縣',43119,21935),(2020,10,'南投縣',24005,10887),(2020,10,'雲林縣',29134,17799),(2020,10,'嘉義縣',21981,12888),(2020,10,'屏東縣',32736,18071),(2020,10,'臺東縣',9051,4439),(2020,10,'花蓮縣',13137,6605),(2020,10,'宜蘭縣',17979,9903),(2020,10,'澎湖縣',2073,1316),(2020,10,'金門縣',1693,1106),(2020,10,'連江縣',229,555),(2021,2,'臺北市',56564,6802),(2021,2,'新北市',108682,31350),(2021,2,'桃園市',88669,43129),(2021,2,'臺中市',113665,46526),(2021,2,'臺南市',79842,33853),(2021,2,'高雄市',89132,44772),(2021,2,'基隆市',11323,4736),(2021,2,'新竹市',16855,3731),(2021,2,'嘉義市',10986,3242),(2021,2,'新竹縣',27904,9816),(2021,2,'苗栗縣',27310,13752),(2021,2,'彰化縣',45186,20642),(2021,2,'南投縣',25239,10178),(2021,2,'雲林縣',30528,17130),(2021,2,'嘉義縣',22867,11935),(2021,2,'屏東縣',35905,17860),(2021,2,'臺東縣',10239,3820),(2021,2,'花蓮縣',14638,6625),(2021,2,'宜蘭縣',19188,8928),(2021,2,'澎湖縣',2129,1071),(2021,2,'金門縣',1843,916),(2021,2,'連江縣',139,721),(2020,9,'臺北市',66144,8966),(2020,9,'新北市',114221,39171),(2020,9,'桃園市',93501,50794),(2020,9,'臺中市',113276,54320),(2020,9,'臺南市',77237,38985),(2020,9,'高雄市',88360,51097),(2020,9,'基隆市',11799,5616),(2020,9,'新竹市',17415,4299),(2020,9,'嘉義市',10777,3039),(2020,9,'新竹縣',27372,11630),(2020,9,'苗栗縣',25219,15751),(2020,9,'彰化縣',43521,22049),(2020,9,'南投縣',22961,10828),(2020,9,'雲林縣',28135,18268),(2020,9,'嘉義縣',20904,12996),(2020,9,'屏東縣',31527,17980),(2020,9,'臺東縣',8870,4367),(2020,9,'花蓮縣',13347,6968),(2020,9,'宜蘭縣',17813,10204),(2020,9,'澎湖縣',2491,2163),(2020,9,'金門縣',1693,1086),(2020,9,'連江縣',283,185),(2018,6,'臺北市',69731,9794),(2018,6,'新北市',116434,38437),(2018,6,'桃園市',94945,51021),(2018,6,'臺中市',116847,54296),(2018,6,'臺南市',77795,33834),(2018,6,'高雄市',92029,50351),(2018,6,'基隆市',11836,5926),(2018,6,'新竹市',17605,3953),(2018,6,'嘉義市',11225,3755),(2018,6,'新竹縣',28791,11237),(2018,6,'苗栗縣',25454,14639),(2018,6,'彰化縣',44210,22156),(2018,6,'南投縣',22825,11237),(2018,6,'雲林縣',28822,18675),(2018,6,'嘉義縣',20928,12893),(2018,6,'屏東縣',32243,19487),(2018,6,'臺東縣',8155,5473),(2018,6,'花蓮縣',12268,8013),(2018,6,'宜蘭縣',17812,10867),(2018,6,'澎湖縣',2609,2420),(2018,6,'金門縣',1801,1498),(2018,6,'連江縣',215,132),(2017,8,'臺北市',74048,10291),(2017,8,'新北市',121447,40344),(2017,8,'桃園市',97460,52188),(2017,8,'臺中市',117904,51979),(2017,8,'臺南市',78468,33473),(2017,8,'高雄市',91488,50567),(2017,8,'基隆市',12636,5984),(2017,8,'新竹市',17676,4059),(2017,8,'嘉義市',10914,2985),(2017,8,'新竹縣',30441,11659),(2017,8,'苗栗縣',26078,14315),(2017,8,'彰化縣',44629,20451),(2017,8,'南投縣',24680,11153),(2017,8,'雲林縣',29082,17171),(2017,8,'嘉義縣',21599,11999),(2017,8,'屏東縣',33109,17929),(2017,8,'臺東縣',9691,4710),(2017,8,'花蓮縣',14176,7717),(2017,8,'宜蘭縣',19581,10875),(2017,8,'澎湖縣',2610,2270),(2017,8,'金門縣',1827,1432),(2017,8,'連江縣',256,692),(2017,4,'臺北市',65394,8710),(2017,4,'新北市',109831,34999),(2017,4,'桃園市',89284,45454),(2017,4,'臺中市',108628,47158),(2017,4,'臺南市',74275,32063),(2017,4,'高雄市',86323,46080),(2017,4,'基隆市',11607,4955),(2017,4,'新竹市',16637,3406),(2017,4,'嘉義市',10357,2823),(2017,4,'新竹縣',27277,10261),(2017,4,'苗栗縣',24701,12674),(2017,4,'彰化縣',42318,19083),(2017,4,'南投縣',22604,10530),(2017,4,'雲林縣',28137,16630),(2017,4,'嘉義縣',21389,12106),(2017,4,'屏東縣',32186,17708),(2017,4,'臺東縣',8318,4165),(2017,4,'花蓮縣',12098,7150),(2017,4,'宜蘭縣',16941,9648),(2017,4,'澎湖縣',2280,2101),(2017,4,'金門縣',1675,1334),(2017,4,'連江縣',194,642),(2018,11,'臺北市',64955,9378),(2018,11,'新北市',106837,36272),(2018,11,'桃園市',87275,48181),(2018,11,'臺中市',107397,51264),(2018,11,'臺南市',70513,34182),(2018,11,'高雄市',82589,49583),(2018,11,'基隆市',11161,5585),(2018,11,'新竹市',16061,3811),(2018,11,'嘉義市',10074,3058),(2018,11,'新竹縣',26785,10893),(2018,11,'苗栗縣',23216,14020),(2018,11,'彰化縣',40443,21210),(2018,11,'南投縣',21153,11187),(2018,11,'雲林縣',26587,17500),(2018,11,'嘉義縣',19452,12834),(2018,11,'屏東縣',29006,19575),(2018,11,'臺東縣',7416,4771),(2018,11,'花蓮縣',11003,7349),(2018,11,'宜蘭縣',16271,9435),(2018,11,'澎湖縣',1924,967),(2018,11,'金門縣',1721,1598),(2018,11,'連江縣',219,179),(2023,8,'臺北市',57587,9000),(2023,8,'新北市',106935,42261),(2023,8,'桃園市',91000,56808),(2023,8,'臺中市',107353,56095),(2023,8,'臺南市',73414,40740),(2023,8,'高雄市',80052,50688),(2023,8,'基隆市',11332,5891),(2023,8,'新竹市',16352,4687),(2023,8,'嘉義市',10149,3337),(2023,8,'新竹縣',28292,12777),(2023,8,'苗栗縣',23777,16832),(2023,8,'彰化縣',39689,23255),(2023,8,'南投縣',20434,11073),(2023,8,'雲林縣',27217,20556),(2023,8,'嘉義縣',19375,12833),(2023,8,'屏東縣',30098,16942),(2023,8,'臺東縣',9057,4673),(2023,8,'花蓮縣',12520,7839),(2023,8,'宜蘭縣',18009,10738),(2023,8,'澎湖縣',2425,3038),(2023,8,'金門縣',1660,1270),(2023,8,'連江縣',184,137),(2017,6,'臺北市',69616,9337),(2017,6,'新北市',110844,37860),(2017,6,'桃園市',91336,47232),(2017,6,'臺中市',113858,49982),(2017,6,'臺南市',75608,32290),(2017,6,'高雄市',89225,48516),(2017,6,'基隆市',11441,5365),(2017,6,'新竹市',17539,3602),(2017,6,'嘉義市',10371,3082),(2017,6,'新竹縣',27589,10359),(2017,6,'苗栗縣',23656,12913),(2017,6,'彰化縣',42524,20389),(2017,6,'南投縣',21341,9873),(2017,6,'雲林縣',26962,17104),(2017,6,'嘉義縣',19988,12313),(2017,6,'屏東縣',31797,18005),(2017,6,'臺東縣',7801,5053),(2017,6,'花蓮縣',11353,7537),(2017,6,'宜蘭縣',16754,10353),(2017,6,'澎湖縣',2607,2751),(2017,6,'金門縣',1733,1210),(2017,6,'連江縣',249,616),(2021,5,'臺北市',51974,7932),(2021,5,'新北市',100077,39682),(2021,5,'桃園市',86522,55724),(2021,5,'臺中市',107943,59553),(2021,5,'臺南市',75175,43251),(2021,5,'高雄市',84288,56529),(2021,5,'基隆市',10438,5856),(2021,5,'新竹市',15612,4661),(2021,5,'嘉義市',10166,3947),(2021,5,'新竹縣',25674,12297),(2021,5,'苗栗縣',24168,17466),(2021,5,'彰化縣',41288,24358),(2021,5,'南投縣',21707,11821),(2021,5,'雲林縣',27641,19605),(2021,5,'嘉義縣',20319,13960),(2021,5,'屏東縣',31643,21431),(2021,5,'臺東縣',8103,4585),(2021,5,'花蓮縣',12033,7515),(2021,5,'宜蘭縣',16112,10516),(2021,5,'澎湖縣',2626,2287),(2021,5,'金門縣',1888,1382),(2021,5,'連江縣',260,909),(2023,11,'臺北市',54804,8495),(2023,11,'新北市',104803,40754),(2023,11,'桃園市',90687,54535),(2023,11,'臺中市',108622,54469),(2023,11,'臺南市',74395,40582),(2023,11,'高雄市',81191,51398),(2023,11,'基隆市',11089,5648),(2023,11,'新竹市',16215,4512),(2023,11,'嘉義市',10115,3152),(2023,11,'新竹縣',27935,12565),(2023,11,'苗栗縣',24552,16897),(2023,11,'彰化縣',40285,23349),(2023,11,'南投縣',21991,12142),(2023,11,'雲林縣',27285,20371),(2023,11,'嘉義縣',19984,14327),(2023,11,'屏東縣',30091,19129),(2023,11,'臺東縣',7699,4718),(2023,11,'花蓮縣',11149,8214),(2023,11,'宜蘭縣',16668,10611),(2023,11,'澎湖縣',1942,1250),(2023,11,'金門縣',1840,1160),(2023,11,'連江縣',239,951),(2017,9,'臺北市',72919,10005),(2017,9,'新北市',121350,40841),(2017,9,'桃園市',98342,52712),(2017,9,'臺中市',122777,56095),(2017,9,'臺南市',82162,36982),(2017,9,'高雄市',95067,53630),(2017,9,'基隆市',12300,6072),(2017,9,'新竹市',18290,4196),(2017,9,'嘉義市',11440,3545),(2017,9,'新竹縣',29795,11248),(2017,9,'苗栗縣',26716,15080),(2017,9,'彰化縣',47054,22506),(2017,9,'南投縣',24218,12005),(2017,9,'雲林縣',29713,17812),(2017,9,'嘉義縣',22327,13365),(2017,9,'屏東縣',34270,20235),(2017,9,'臺東縣',8834,4778),(2017,9,'花蓮縣',13294,8102),(2017,9,'宜蘭縣',18747,10915),(2017,9,'澎湖縣',2613,1942),(2017,9,'金門縣',1863,1533),(2017,9,'連江縣',190,468),(2016,12,'臺北市',72460,9910),(2016,12,'新北市',119650,39714),(2016,12,'桃園市',96396,52498),(2016,12,'臺中市',119747,55778),(2016,12,'臺南市',79099,36727),(2016,12,'高雄市',93122,53623),(2016,12,'基隆市',12196,5696),(2016,12,'新竹市',18593,4113),(2016,12,'嘉義市',11079,3320),(2016,12,'新竹縣',29448,12052),(2016,12,'苗栗縣',25990,15823),(2016,12,'彰化縣',45211,23086),(2016,12,'南投縣',24449,12818),(2016,12,'雲林縣',28089,18491),(2016,12,'嘉義縣',21497,14456),(2016,12,'屏東縣',32144,21974),(2016,12,'臺東縣',8141,4665),(2016,12,'花蓮縣',12100,8628),(2016,12,'宜蘭縣',18454,11753),(2016,12,'澎湖縣',1918,1188),(2016,12,'金門縣',1791,1520),(2016,12,'連江縣',220,707),(2021,12,'臺北市',63225,8893),(2021,12,'新北市',116263,41219),(2021,12,'桃園市',99442,56358),(2021,12,'臺中市',120463,60477),(2021,12,'臺南市',83654,45001),(2021,12,'高雄市',92051,57286),(2021,12,'基隆市',12016,6112),(2021,12,'新竹市',17995,4897),(2021,12,'嘉義市',11431,4018),(2021,12,'新竹縣',30389,13217),(2021,12,'苗栗縣',27118,18022),(2021,12,'彰化縣',45222,26076),(2021,12,'南投縣',24064,12766),(2021,12,'雲林縣',29449,21448),(2021,12,'嘉義縣',21902,14848),(2021,12,'屏東縣',33802,22259),(2021,12,'臺東縣',8852,4671),(2021,12,'花蓮縣',12808,7942),(2021,12,'宜蘭縣',18847,11418),(2021,12,'澎湖縣',2232,1237),(2021,12,'金門縣',1947,1432),(2021,12,'連江縣',213,154),(2022,1,'臺北市',60719,8059),(2022,1,'新北市',112693,37676),(2022,1,'桃園市',93340,51130),(2022,1,'臺中市',115552,53394),(2022,1,'臺南市',77790,40102),(2022,1,'高雄市',85897,49750),(2022,1,'基隆市',11908,5614),(2022,1,'新竹市',17012,4236),(2022,1,'嘉義市',10845,3134),(2022,1,'新竹縣',28837,11766),(2022,1,'苗栗縣',26503,16323),(2022,1,'彰化縣',44363,23629),(2022,1,'南投縣',23744,10775),(2022,1,'雲林縣',29185,20169),(2022,1,'嘉義縣',21077,13626),(2022,1,'屏東縣',32075,18868),(2022,1,'臺東縣',9146,4238),(2022,1,'花蓮縣',13028,7077),(2022,1,'宜蘭縣',18591,9705),(2022,1,'澎湖縣',2055,1223),(2022,1,'金門縣',1847,1042),(2022,1,'連江縣',201,833),(2018,10,'臺北市',65326,9383),(2018,10,'新北市',105955,35464),(2018,10,'桃園市',85929,46770),(2018,10,'臺中市',102307,50025),(2018,10,'臺南市',67173,32672),(2018,10,'高雄市',80105,48819),(2018,10,'基隆市',11288,5373),(2018,10,'新竹市',15740,3607),(2018,10,'嘉義市',9767,2960),(2018,10,'新竹縣',26183,10276),(2018,10,'苗栗縣',22328,13714),(2018,10,'彰化縣',38734,19880),(2018,10,'南投縣',20449,10690),(2018,10,'雲林縣',25336,16683),(2018,10,'嘉義縣',18925,11853),(2018,10,'屏東縣',27749,18711),(2018,10,'臺東縣',6907,4183),(2018,10,'花蓮縣',10485,6469),(2018,10,'宜蘭縣',15280,9243),(2018,10,'澎湖縣',1708,914),(2018,10,'金門縣',1556,1404),(2018,10,'連江縣',219,648),(2020,12,'臺北市',65170,8727),(2020,12,'新北市',115881,40779),(2020,12,'桃園市',99151,54884),(2020,12,'臺中市',118182,57569),(2020,12,'臺南市',79318,41307),(2020,12,'高雄市',89267,54490),(2020,12,'基隆市',12324,6130),(2020,12,'新竹市',18056,4614),(2020,12,'嘉義市',11237,3458),(2020,12,'新竹縣',29741,12875),(2020,12,'苗栗縣',26466,17064),(2020,12,'彰化縣',45129,25126),(2020,12,'南投縣',24306,11935),(2020,12,'雲林縣',29158,20204),(2020,12,'嘉義縣',21438,14384),(2020,12,'屏東縣',32277,21762),(2020,12,'臺東縣',8281,4512),(2020,12,'花蓮縣',12164,7273),(2020,12,'宜蘭縣',18494,10856),(2020,12,'澎湖縣',2009,1212),(2020,12,'金門縣',1744,1126),(2020,12,'連江縣',186,558),(2022,9,'臺北市',59548,8580),(2022,9,'新北市',112243,39480),(2022,9,'桃園市',94611,52863),(2022,9,'臺中市',117191,55301),(2022,9,'臺南市',79981,41525),(2022,9,'高雄市',86898,51167),(2022,9,'基隆市',11388,5607),(2022,9,'新竹市',16939,4804),(2022,9,'嘉義市',10847,3340),(2022,9,'新竹縣',28981,12111),(2022,9,'苗栗縣',25485,16632),(2022,9,'彰化縣',43346,22833),(2022,9,'南投縣',22973,11092),(2022,9,'雲林縣',28714,19106),(2022,9,'嘉義縣',21230,12989),(2022,9,'屏東縣',32725,20058),(2022,9,'臺東縣',8807,4730),(2022,9,'花蓮縣',12776,7357),(2022,9,'宜蘭縣',17897,10044),(2022,9,'澎湖縣',2587,2515),(2022,9,'金門縣',1735,1114),(2022,9,'連江縣',196,141),(2017,12,'臺北市',72054,10041),(2017,12,'新北市',120374,41485),(2017,12,'桃園市',100187,53868),(2017,12,'臺中市',124122,57128),(2017,12,'臺南市',82417,38223),(2017,12,'高雄市',95739,54577),(2017,12,'基隆市',12349,5981),(2017,12,'新竹市',18457,4346),(2017,12,'嘉義市',11464,4170),(2017,12,'新竹縣',30903,11762),(2017,12,'苗栗縣',27377,15830),(2017,12,'彰化縣',47739,24105),(2017,12,'南投縣',25331,13116),(2017,12,'雲林縣',29943,19901),(2017,12,'嘉義縣',22510,15214),(2017,12,'屏東縣',33972,21085),(2017,12,'臺東縣',8585,5142),(2017,12,'花蓮縣',12522,8696),(2017,12,'宜蘭縣',19135,11296),(2017,12,'澎湖縣',1943,1060),(2017,12,'金門縣',1939,1639),(2017,12,'連江縣',173,94),(2017,5,'臺北市',73178,10084),(2017,5,'新北市',125992,41682),(2017,5,'桃園市',102051,52829),(2017,5,'臺中市',126536,55551),(2017,5,'臺南市',85435,37110),(2017,5,'高雄市',99547,53939),(2017,5,'基隆市',12475,5567),(2017,5,'新竹市',19258,4152),(2017,5,'嘉義市',11707,3458),(2017,5,'新竹縣',30820,11580),(2017,5,'苗栗縣',28109,14694),(2017,5,'彰化縣',49112,22747),(2017,5,'南投縣',25539,12341),(2017,5,'雲林縣',31250,17927),(2017,5,'嘉義縣',23585,14160),(2017,5,'屏東縣',36685,22019),(2017,5,'臺東縣',9222,4975),(2017,5,'花蓮縣',13518,8188),(2017,5,'宜蘭縣',19435,11064),(2017,5,'澎湖縣',2804,3389),(2017,5,'金門縣',2051,1677),(2017,5,'連江縣',226,149),(2018,8,'臺北市',71776,10049),(2018,8,'新北市',121233,39350),(2018,8,'桃園市',99545,51609),(2018,8,'臺中市',121712,54951),(2018,8,'臺南市',78337,33217),(2018,8,'高雄市',90724,49026),(2018,8,'基隆市',12479,6137),(2018,8,'新竹市',18046,4165),(2018,8,'嘉義市',11313,3379),(2018,8,'新竹縣',29804,11278),(2018,8,'苗栗縣',26571,14924),(2018,8,'彰化縣',46199,21527),(2018,8,'南投縣',23901,11486),(2018,8,'雲林縣',29617,18122),(2018,8,'嘉義縣',21375,12068),(2018,8,'屏東縣',33180,17043),(2018,8,'臺東縣',10061,5031),(2018,8,'花蓮縣',14756,8284),(2018,8,'宜蘭縣',19504,10713),(2018,8,'澎湖縣',2701,1998),(2018,8,'金門縣',1859,1607),(2018,8,'連江縣',243,621),(2019,9,'臺北市',66090,9524),(2019,9,'新北市',115778,38664),(2019,9,'桃園市',95885,49527),(2019,9,'臺中市',116988,54295),(2019,9,'臺南市',79902,36569),(2019,9,'高雄市',91254,49821),(2019,9,'基隆市',11649,5389),(2019,9,'新竹市',17402,4139),(2019,9,'嘉義市',11347,3388),(2019,9,'新竹縣',28906,11350),(2019,9,'苗栗縣',25767,14307),(2019,9,'彰化縣',45409,22362),(2019,9,'南投縣',23924,11901),(2019,9,'雲林縣',29410,18558),(2019,9,'嘉義縣',21633,12636),(2019,9,'屏東縣',33257,18938),(2019,9,'臺東縣',8709,4452),(2019,9,'花蓮縣',12603,7495),(2019,9,'宜蘭縣',17655,10323),(2019,9,'澎湖縣',2480,2049),(2019,9,'金門縣',1911,1917),(2019,9,'連江縣',177,743),(2019,10,'臺北市',66430,10189),(2019,10,'新北市',115159,40800),(2019,10,'桃園市',94670,52853),(2019,10,'臺中市',115980,55172),(2019,10,'臺南市',77061,37927),(2019,10,'高雄市',87848,50816),(2019,10,'基隆市',11947,5937),(2019,10,'新竹市',17333,4148),(2019,10,'嘉義市',10938,3469),(2019,10,'新竹縣',28593,11885),(2019,10,'苗栗縣',24576,14616),(2019,10,'彰化縣',43940,22813),(2019,10,'南投縣',23253,12284),(2019,10,'雲林縣',28644,18283),(2019,10,'嘉義縣',21392,13279),(2019,10,'屏東縣',31999,20418),(2019,10,'臺東縣',8391,4456),(2019,10,'花蓮縣',12269,7246),(2019,10,'宜蘭縣',17218,10122),(2019,10,'澎湖縣',1969,1568),(2019,10,'金門縣',1789,1859),(2019,10,'連江縣',205,803),(2017,7,'臺北市',74010,9956),(2017,7,'新北市',126200,41002),(2017,7,'桃園市',102389,54007),(2017,7,'臺中市',124866,55379),(2017,7,'臺南市',84128,36089),(2017,7,'高雄市',96853,51144),(2017,7,'基隆市',12843,5587),(2017,7,'新竹市',18539,4117),(2017,7,'嘉義市',11771,3341),(2017,7,'新竹縣',30769,12022),(2017,7,'苗栗縣',27808,15407),(2017,7,'彰化縣',48644,24185),(2017,7,'南投縣',25443,12137),(2017,7,'雲林縣',30617,18962),(2017,7,'嘉義縣',22775,13845),(2017,7,'屏東縣',36567,20104),(2017,7,'臺東縣',10111,5462),(2017,7,'花蓮縣',14066,9013),(2017,7,'宜蘭縣',20242,11856),(2017,7,'澎湖縣',2802,2695),(2017,7,'金門縣',1867,1673),(2017,7,'連江縣',239,124),(2022,4,'臺北市',52475,7479),(2022,4,'新北市',99884,35938),(2022,4,'桃園市',83265,49169),(2022,4,'臺中市',101929,50821),(2022,4,'臺南市',71060,39000),(2022,4,'高雄市',78017,50943),(2022,4,'基隆市',10014,5271),(2022,4,'新竹市',15056,4171),(2022,4,'嘉義市',9853,2951),(2022,4,'新竹縣',25627,11112),(2022,4,'苗栗縣',22546,15380),(2022,4,'彰化縣',38782,21242),(2022,4,'南投縣',20728,10346),(2022,4,'雲林縣',26588,19259),(2022,4,'嘉義縣',19528,12291),(2022,4,'屏東縣',29414,19417),(2022,4,'臺東縣',8101,3972),(2022,4,'花蓮縣',10929,6259),(2022,4,'宜蘭縣',15872,8974),(2022,4,'澎湖縣',2384,2049),(2022,4,'金門縣',1643,1026),(2022,4,'連江縣',213,815),(2021,4,'臺北市',58565,8071),(2021,4,'新北市',104043,37281),(2021,4,'桃園市',84334,48520),(2021,4,'臺中市',102384,50871),(2021,4,'臺南市',72051,37021),(2021,4,'高雄市',80487,50777),(2021,4,'基隆市',10998,5407),(2021,4,'新竹市',15648,4012),(2021,4,'嘉義市',10110,2800),(2021,4,'新竹縣',26422,11331),(2021,4,'苗栗縣',23258,15457),(2021,4,'彰化縣',39919,21028),(2021,4,'南投縣',21174,10269),(2021,4,'雲林縣',27492,18230),(2021,4,'嘉義縣',20339,12207),(2021,4,'屏東縣',30188,18717),(2021,4,'臺東縣',8352,3938),(2021,4,'花蓮縣',11785,6064),(2021,4,'宜蘭縣',16115,9389),(2021,4,'澎湖縣',2090,2076),(2021,4,'金門縣',1487,982),(2021,4,'連江縣',194,731),(2019,2,'臺北市',57273,7340),(2019,2,'新北市',101169,27438),(2019,2,'桃園市',83854,37990),(2019,2,'臺中市',105043,40226),(2019,2,'臺南市',74524,28893),(2019,2,'高雄市',82802,39593),(2019,2,'基隆市',10527,3851),(2019,2,'新竹市',15300,3126),(2019,2,'嘉義市',10207,2716),(2019,2,'新竹縣',25960,8366),(2019,2,'苗栗縣',24407,11314),(2019,2,'彰化縣',41462,17842),(2019,2,'南投縣',22917,9364),(2019,2,'雲林縣',28708,14789),(2019,2,'嘉義縣',20909,10467),(2019,2,'屏東縣',32370,15993),(2019,2,'臺東縣',9117,3869),(2019,2,'花蓮縣',13270,6254),(2019,2,'宜蘭縣',16926,7662),(2019,2,'澎湖縣',2042,931),(2019,2,'金門縣',1691,1258),(2019,2,'連江縣',99,566),(2023,10,'臺北市',57237,8717),(2023,10,'新北市',110245,40327),(2023,10,'桃園市',95010,54713),(2023,10,'臺中市',113202,54155),(2023,10,'臺南市',78547,40855),(2023,10,'高雄市',85278,50196),(2023,10,'基隆市',11525,5568),(2023,10,'新竹市',16787,4635),(2023,10,'嘉義市',10463,3137),(2023,10,'新竹縣',28900,12229),(2023,10,'苗栗縣',25050,16100),(2023,10,'彰化縣',42233,22445),(2023,10,'南投縣',22678,11884),(2023,10,'雲林縣',29451,19663),(2023,10,'嘉義縣',21142,13536),(2023,10,'屏東縣',32227,18675),(2023,10,'臺東縣',8396,4319),(2023,10,'花蓮縣',11927,7151),(2023,10,'宜蘭縣',17828,10059),(2023,10,'澎湖縣',2071,1479),(2023,10,'金門縣',1950,1240),(2023,10,'連江縣',237,224),(2020,5,'臺北市',68076,9180),(2020,5,'新北市',130073,41532),(2020,5,'桃園市',109248,55045),(2020,5,'臺中市',133366,58340),(2020,5,'臺南市',90315,40350),(2020,5,'高雄市',103047,54192),(2020,5,'基隆市',12995,5853),(2020,5,'新竹市',19966,4480),(2020,5,'嘉義市',12655,4277),(2020,5,'新竹縣',32195,12310),(2020,5,'苗栗縣',30902,16130),(2020,5,'彰化縣',52759,25026),(2020,5,'南投縣',27035,12665),(2020,5,'雲林縣',33222,20430),(2020,5,'嘉義縣',24797,14453),(2020,5,'屏東縣',38703,21498),(2020,5,'臺東縣',9816,4677),(2020,5,'花蓮縣',14851,8743),(2020,5,'宜蘭縣',20622,11746),(2020,5,'澎湖縣',2794,1823),(2020,5,'金門縣',2023,1636),(2020,5,'連江縣',203,797),(2019,11,'臺北市',64041,9892),(2019,11,'新北市',113395,40001),(2019,11,'桃園市',94353,52947),(2019,11,'臺中市',113234,57109),(2019,11,'臺南市',76389,38742),(2019,11,'高雄市',87458,51837),(2019,11,'基隆市',11693,5874),(2019,11,'新竹市',17232,4230),(2019,11,'嘉義市',10884,3656),(2019,11,'新竹縣',28365,12179),(2019,11,'苗栗縣',25000,15683),(2019,11,'彰化縣',43895,24103),(2019,11,'南投縣',23213,12954),(2019,11,'雲林縣',28073,19393),(2019,11,'嘉義縣',20598,14087),(2019,11,'屏東縣',31390,21832),(2019,11,'臺東縣',7892,5067),(2019,11,'花蓮縣',11452,8354),(2019,11,'宜蘭縣',17394,10811),(2019,11,'澎湖縣',2006,1092),(2019,11,'金門縣',1795,1914),(2019,11,'連江縣',211,135),(2021,9,'臺北市',59869,7945),(2021,9,'新北市',108878,37342),(2021,9,'桃園市',89915,50525),(2021,9,'臺中市',106851,52439),(2021,9,'臺南市',74018,39574),(2021,9,'高雄市',82884,50723),(2021,9,'基隆市',11350,5484),(2021,9,'新竹市',16191,4262),(2021,9,'嘉義市',9749,3032),(2021,9,'新竹縣',27052,11374),(2021,9,'苗栗縣',23995,16033),(2021,9,'彰化縣',40469,21403),(2021,9,'南投縣',21688,10193),(2021,9,'雲林縣',27193,18030),(2021,9,'嘉義縣',20381,12245),(2021,9,'屏東縣',31217,17754),(2021,9,'臺東縣',8958,3933),(2021,9,'花蓮縣',12614,6476),(2021,9,'宜蘭縣',17155,9655),(2021,9,'澎湖縣',2107,1757),(2021,9,'金門縣',1611,858),(2021,9,'連江縣',228,758),(2016,11,'臺北市',71943,9934),(2016,11,'新北市',121629,41488),(2016,11,'桃園市',98816,52610),(2016,11,'臺中市',123332,56217),(2016,11,'臺南市',82342,37958),(2016,11,'高雄市',96960,52978),(2016,11,'基隆市',12384,5447),(2016,11,'新竹市',18759,4088),(2016,11,'嘉義市',11237,3456),(2016,11,'新竹縣',29860,11898),(2016,11,'苗栗縣',27014,15409),(2016,11,'彰化縣',47076,23078),(2016,11,'南投縣',25137,12433),(2016,11,'雲林縣',29762,18671),(2016,11,'嘉義縣',22319,14860),(2016,11,'屏東縣',34456,21388),(2016,11,'臺東縣',8428,5195),(2016,11,'花蓮縣',12617,8885),(2016,11,'宜蘭縣',18951,11453),(2016,11,'澎湖縣',2189,1294),(2016,11,'金門縣',1947,1627),(2016,11,'連江縣',251,165),(2019,5,'臺北市',65671,9689),(2019,5,'新北市',106826,36289),(2019,5,'桃園市',87718,47721),(2019,5,'臺中市',105308,48610),(2019,5,'臺南市',71517,33388),(2019,5,'高雄市',82975,47341),(2019,5,'基隆市',10992,5397),(2019,5,'新竹市',16068,3513),(2019,5,'嘉義市',10065,2761),(2019,5,'新竹縣',26544,10327),(2019,5,'苗栗縣',22824,12327),(2019,5,'彰化縣',39459,19329),(2019,5,'南投縣',20322,9828),(2019,5,'雲林縣',25917,16232),(2019,5,'嘉義縣',18713,11220),(2019,5,'屏東縣',28833,18431),(2019,5,'臺東縣',7158,4234),(2019,5,'花蓮縣',10515,6915),(2019,5,'宜蘭縣',15540,9104),(2019,5,'澎湖縣',2377,2630),(2019,5,'金門縣',1693,1665),(2019,5,'連江縣',255,156),(2018,1,'臺北市',66414,8905),(2018,1,'新北市',110209,36820),(2018,1,'桃園市',89306,47505),(2018,1,'臺中市',106164,49324),(2018,1,'臺南市',71070,32437),(2018,1,'高雄市',82974,48002),(2018,1,'基隆市',11484,5757),(2018,1,'新竹市',16437,3664),(2018,1,'嘉義市',10027,3191),(2018,1,'新竹縣',27649,10648),(2018,1,'苗栗縣',23984,13763),(2018,1,'彰化縣',40458,20538),(2018,1,'南投縣',21249,10752),(2018,1,'雲林縣',26175,17368),(2018,1,'嘉義縣',19254,12560),(2018,1,'屏東縣',28561,17333),(2018,1,'臺東縣',7333,4275),(2018,1,'花蓮縣',10451,7199),(2018,1,'宜蘭縣',16080,9924),(2018,1,'澎湖縣',1904,995),(2018,1,'金門縣',1580,1209),(2018,1,'連江縣',207,545),(2016,1,'臺北市',75734,9693),(2016,1,'新北市',127010,37446),(2016,1,'桃園市',102289,50067),(2016,1,'臺中市',126319,53331),(2016,1,'臺南市',88954,35929),(2016,1,'高雄市',102937,51083),(2016,1,'基隆市',13030,5663),(2016,1,'新竹市',20223,4054),(2016,1,'嘉義市',11818,3307),(2016,1,'新竹縣',31424,11042),(2016,1,'苗栗縣',29121,14563),(2016,1,'彰化縣',48901,22867),(2016,1,'南投縣',25943,11831),(2016,1,'雲林縣',30689,19775),(2016,1,'嘉義縣',23175,13982),(2016,1,'屏東縣',36821,20839),(2016,1,'臺東縣',9541,5097),(2016,1,'花蓮縣',13822,9133),(2016,1,'宜蘭縣',20539,12269),(2016,1,'澎湖縣',2333,1211),(2016,1,'金門縣',1941,1543),(2016,1,'連江縣',233,600),(2016,3,'臺北市',70848,9083),(2016,3,'新北市',118543,35841),(2016,3,'桃園市',95194,47317),(2016,3,'臺中市',114719,49401),(2016,3,'臺南市',77015,32822),(2016,3,'高雄市',90939,47897),(2016,3,'基隆市',12244,5323),(2016,3,'新竹市',18734,3664),(2016,3,'嘉義市',10410,2791),(2016,3,'新竹縣',28582,10587),(2016,3,'苗栗縣',25860,13564),(2016,3,'彰化縣',44331,20334),(2016,3,'南投縣',22866,10556),(2016,3,'雲林縣',27937,17133),(2016,3,'嘉義縣',20884,12080),(2016,3,'屏東縣',32056,17921),(2016,3,'臺東縣',7878,4351),(2016,3,'花蓮縣',11584,7880),(2016,3,'宜蘭縣',17093,10720),(2016,3,'澎湖縣',2026,1105),(2016,3,'金門縣',1676,1170),(2016,3,'連江縣',172,634),(2016,10,'臺北市',74745,10075),(2016,10,'新北市',122600,39943),(2016,10,'桃園市',96711,49883),(2016,10,'臺中市',119466,53403),(2016,10,'臺南市',81048,34753),(2016,10,'高雄市',95572,51600),(2016,10,'基隆市',12837,5585),(2016,10,'新竹市',18618,3972),(2016,10,'嘉義市',11496,3509),(2016,10,'新竹縣',30017,11341),(2016,10,'苗栗縣',26356,14725),(2016,10,'彰化縣',46191,21676),(2016,10,'南投縣',24818,11599),(2016,10,'雲林縣',29359,17014),(2016,10,'嘉義縣',21578,13505),(2016,10,'屏東縣',33428,18982),(2016,10,'臺東縣',7975,4016),(2016,10,'花蓮縣',12162,7530),(2016,10,'宜蘭縣',18721,10428),(2016,10,'澎湖縣',2118,1286),(2016,10,'金門縣',1761,1436),(2016,10,'連江縣',97,481),(2023,5,'臺北市',58333,8152),(2023,5,'新北市',110995,38418),(2023,5,'桃園市',95606,51040),(2023,5,'臺中市',116590,50719),(2023,5,'臺南市',80726,38026),(2023,5,'高雄市',87769,46664),(2023,5,'基隆市',11712,5517),(2023,5,'新竹市',17066,4323),(2023,5,'嘉義市',11006,2844),(2023,5,'新竹縣',28949,11245),(2023,5,'苗栗縣',26218,15748),(2023,5,'彰化縣',43895,20378),(2023,5,'南投縣',22748,10465),(2023,5,'雲林縣',29766,18590),(2023,5,'嘉義縣',21872,12129),(2023,5,'屏東縣',33220,18677),(2023,5,'臺東縣',8294,3698),(2023,5,'花蓮縣',12098,6385),(2023,5,'宜蘭縣',17827,9600),(2023,5,'澎湖縣',2799,3258),(2023,5,'金門縣',1990,1040),(2023,5,'連江縣',239,169),(2019,6,'臺北市',68859,10183),(2019,6,'新北市',120865,40238),(2019,6,'桃園市',101090,53214),(2019,6,'臺中市',124534,57469),(2019,6,'臺南市',84703,37480),(2019,6,'高雄市',97169,51794),(2019,6,'基隆市',11868,5692),(2019,6,'新竹市',18096,4035),(2019,6,'嘉義市',12027,3738),(2019,6,'新竹縣',30124,11675),(2019,6,'苗栗縣',26942,14452),(2019,6,'彰化縣',48538,24739),(2019,6,'南投縣',24664,12205),(2019,6,'雲林縣',30964,19863),(2019,6,'嘉義縣',22726,13885),(2019,6,'屏東縣',36068,20588),(2019,6,'臺東縣',9231,6082),(2019,6,'花蓮縣',13524,9499),(2019,6,'宜蘭縣',19342,11318),(2019,6,'澎湖縣',2946,3310),(2019,6,'金門縣',2083,1935),(2019,6,'連江縣',226,610),(2016,2,'臺北市',61851,7055),(2016,2,'新北市',106572,25540),(2016,2,'桃園市',86632,34397),(2016,2,'臺中市',105801,37736),(2016,2,'臺南市',71766,24161),(2016,2,'高雄市',83461,34729),(2016,2,'基隆市',11432,3916),(2016,2,'新竹市',16748,3021),(2016,2,'嘉義市',10421,2403),(2016,2,'新竹縣',26582,7725),(2016,2,'苗栗縣',24528,9709),(2016,2,'彰化縣',43293,16740),(2016,2,'南投縣',23934,8732),(2016,2,'雲林縣',28922,13778),(2016,2,'嘉義縣',21498,9891),(2016,2,'屏東縣',32456,13895),(2016,2,'臺東縣',9491,3515),(2016,2,'花蓮縣',13100,6238),(2016,2,'宜蘭縣',16986,7732),(2016,2,'澎湖縣',1633,758),(2016,2,'金門縣',1493,861),(2016,2,'連江縣',133,81),(2023,9,'臺北市',57535,8163),(2023,9,'新北市',107462,37947),(2023,9,'桃園市',91208,50119),(2023,9,'臺中市',108493,47581),(2023,9,'臺南市',73970,35105),(2023,9,'高雄市',80863,43577),(2023,9,'基隆市',11282,5236),(2023,9,'新竹市',16449,4147),(2023,9,'嘉義市',9836,2599),(2023,9,'新竹縣',27657,11142),(2023,9,'苗栗縣',24480,14685),(2023,9,'彰化縣',40348,19160),(2023,9,'南投縣',21080,9421),(2023,9,'雲林縣',27621,17759),(2023,9,'嘉義縣',19351,11624),(2023,9,'屏東縣',29037,14454),(2023,9,'臺東縣',7914,3649),(2023,9,'花蓮縣',11380,6363),(2023,9,'宜蘭縣',16976,8816),(2023,9,'澎湖縣',2338,1780),(2023,9,'金門縣',1860,850),(2023,9,'連江縣',262,903),(2019,3,'臺北市',66438,9209),(2019,3,'新北市',114920,35741),(2019,3,'桃園市',95825,46935),(2019,3,'臺中市',118918,49085),(2019,3,'臺南市',80751,34093),(2019,3,'高雄市',92609,47991),(2019,3,'基隆市',11620,5387),(2019,3,'新竹市',17167,3574),(2019,3,'嘉義市',11461,2750),(2019,3,'新竹縣',29076,10388),(2019,3,'苗栗縣',26520,13269),(2019,3,'彰化縣',46250,20026),(2019,3,'南投縣',24039,10380),(2019,3,'雲林縣',29688,17890),(2019,3,'嘉義縣',21968,12217),(2019,3,'屏東縣',34268,19875),(2019,3,'臺東縣',8697,4267),(2019,3,'花蓮縣',12587,6857),(2019,3,'宜蘭縣',18212,9025),(2019,3,'澎湖縣',2061,1026),(2019,3,'金門縣',1827,1452),(2019,3,'連江縣',185,96),(2023,3,'臺北市',58893,8861),(2023,3,'新北市',112189,41870),(2023,3,'桃園市',95679,57265),(2023,3,'臺中市',116083,58123),(2023,3,'臺南市',79660,43927),(2023,3,'高雄市',87209,54455),(2023,3,'基隆市',11799,6031),(2023,3,'新竹市',17232,4842),(2023,3,'嘉義市',10893,3440),(2023,3,'新竹縣',29321,12820),(2023,3,'苗栗縣',26190,18652),(2023,3,'彰化縣',43574,24276),(2023,3,'南投縣',23465,12346),(2023,3,'雲林縣',29436,22040),(2023,3,'嘉義縣',21820,14681),(2023,3,'屏東縣',32673,22166),(2023,3,'臺東縣',8448,4211),(2023,3,'花蓮縣',12097,7647),(2023,3,'宜蘭縣',17709,10620),(2023,3,'澎湖縣',2171,1623),(2023,3,'金門縣',1830,1140),(2023,3,'連江縣',277,654),(2017,3,'臺北市',68275,8972),(2017,3,'新北市',111409,37771),(2017,3,'桃園市',90644,49302),(2017,3,'臺中市',110455,50967),(2017,3,'臺南市',75314,35106),(2017,3,'高雄市',87918,51158),(2017,3,'基隆市',11558,5298),(2017,3,'新竹市',17424,3624),(2017,3,'嘉義市',10278,2943),(2017,3,'新竹縣',27665,10911),(2017,3,'苗栗縣',24451,13838),(2017,3,'彰化縣',42361,20306),(2017,3,'南投縣',22116,11079),(2017,3,'雲林縣',27251,17323),(2017,3,'嘉義縣',20645,12944),(2017,3,'屏東縣',30342,18791),(2017,3,'臺東縣',7777,3961),(2017,3,'花蓮縣',11389,7494),(2017,3,'宜蘭縣',16775,10350),(2017,3,'澎湖縣',1965,1355),(2017,3,'金門縣',1539,1144),(2017,3,'連江縣',224,123),(2023,4,'臺北市',54348,7944),(2023,4,'新北市',105549,37411),(2023,4,'桃園市',89962,50361),(2023,4,'臺中市',106937,51740),(2023,4,'臺南市',75415,37689),(2023,4,'高雄市',81308,48724),(2023,4,'基隆市',11083,5214),(2023,4,'新竹市',15683,4267),(2023,4,'嘉義市',9988,2935),(2023,4,'新竹縣',27362,11299),(2023,4,'苗栗縣',24444,15518),(2023,4,'彰化縣',40376,21345),(2023,4,'南投縣',22073,10817),(2023,4,'雲林縣',28097,19339),(2023,4,'嘉義縣',20494,12908),(2023,4,'屏東縣',30780,19209),(2023,4,'臺東縣',8684,4210),(2023,4,'花蓮縣',12228,6827),(2023,4,'宜蘭縣',16963,9225),(2023,4,'澎湖縣',2453,2681),(2023,4,'金門縣',1810,1180),(2023,4,'連江縣',213,780),(2016,7,'臺北市',73485,9586),(2016,7,'新北市',118951,38584),(2016,7,'桃園市',93981,48702),(2016,7,'臺中市',113376,50914),(2016,7,'臺南市',76409,32383),(2016,7,'高雄市',90192,46102),(2016,7,'基隆市',12539,5250),(2016,7,'新竹市',17767,3764),(2016,7,'嘉義市',10616,2958),(2016,7,'新竹縣',28916,10893),(2016,7,'苗栗縣',25239,14118),(2016,7,'彰化縣',43710,21567),(2016,7,'南投縣',23733,11399),(2016,7,'雲林縣',27900,17132),(2016,7,'嘉義縣',20494,12296),(2016,7,'屏東縣',33108,17163),(2016,7,'臺東縣',9613,5389),(2016,7,'花蓮縣',13121,7990),(2016,7,'宜蘭縣',18290,11002),(2016,7,'澎湖縣',2499,2502),(2016,7,'金門縣',1581,1169),(2016,7,'連江縣',203,481),(2021,11,'臺北市',56466,7593),(2021,11,'新北市',99813,35701),(2021,11,'桃園市',83572,47396),(2021,11,'臺中市',97932,49950),(2021,11,'臺南市',67063,36761),(2021,11,'高雄市',74786,47839),(2021,11,'基隆市',10690,5494),(2021,11,'新竹市',15111,4115),(2021,11,'嘉義市',8994,2786),(2021,11,'新竹縣',25726,11005),(2021,11,'苗栗縣',21843,15391),(2021,11,'彰化縣',36077,20974),(2021,11,'南投縣',19972,10104),(2021,11,'雲林縣',24267,17708),(2021,11,'嘉義縣',18291,11709),(2021,11,'屏東縣',26973,17643),(2021,11,'臺東縣',7488,4065),(2021,11,'花蓮縣',10592,6404),(2021,11,'宜蘭縣',16020,8989),(2021,11,'澎湖縣',1561,672),(2021,11,'金門縣',1365,744),(2021,11,'連江縣',237,905),(2020,7,'臺北市',68361,8980),(2020,7,'新北市',118806,39775),(2020,7,'桃園市',96536,51997),(2020,7,'臺中市',115816,54742),(2020,7,'臺南市',78875,37314),(2020,7,'高雄市',88446,49784),(2020,7,'基隆市',12295,5935),(2020,7,'新竹市',17978,4304),(2020,7,'嘉義市',11127,2864),(2020,7,'新竹縣',29705,12334),(2020,7,'苗栗縣',25433,15934),(2020,7,'彰化縣',43515,23125),(2020,7,'南投縣',24030,11352),(2020,7,'雲林縣',28717,19107),(2020,7,'嘉義縣',21437,12791),(2020,7,'屏東縣',33353,18217),(2020,7,'臺東縣',10567,5094),(2020,7,'花蓮縣',14923,7659),(2020,7,'宜蘭縣',19725,11191),(2020,7,'澎湖縣',3067,3457),(2020,7,'金門縣',1761,1018),(2020,7,'連江縣',277,917),(2020,1,'臺北市',61892,7920),(2020,1,'新北市',108093,30637),(2020,1,'桃園市',88972,41702),(2020,1,'臺中市',105956,43496),(2020,1,'臺南市',76197,30746),(2020,1,'高雄市',85794,42487),(2020,1,'基隆市',11771,4724),(2020,1,'新竹市',16646,3274),(2020,1,'嘉義市',10727,2628),(2020,1,'新竹縣',28255,9406),(2020,1,'苗栗縣',25479,11935),(2020,1,'彰化縣',42258,18716),(2020,1,'南投縣',23095,9777),(2020,1,'雲林縣',29373,16469),(2020,1,'嘉義縣',21384,11237),(2020,1,'屏東縣',32026,15879),(2020,1,'臺東縣',9492,3569),(2020,1,'花蓮縣',13374,6129),(2020,1,'宜蘭縣',17268,8344),(2020,1,'澎湖縣',1838,818),(2020,1,'金門縣',1701,1018),(2020,1,'連江縣',175,152),(2022,3,'臺北市',57340,7868),(2022,3,'新北市',104137,37599),(2022,3,'桃園市',84548,50456),(2022,3,'臺中市',100980,51197),(2022,3,'臺南市',68623,39545),(2022,3,'高雄市',76892,50131),(2022,3,'基隆市',11004,5694),(2022,3,'新竹市',15513,4195),(2022,3,'嘉義市',9323,2796),(2022,3,'新竹縣',26401,11696),(2022,3,'苗栗縣',22464,15813),(2022,3,'彰化縣',37822,21438),(2022,3,'南投縣',20150,10221),(2022,3,'雲林縣',25105,18859),(2022,3,'嘉義縣',18936,12249),(2022,3,'屏東縣',27606,18713),(2022,3,'臺東縣',7459,3536),(2022,3,'花蓮縣',10623,6232),(2022,3,'宜蘭縣',15670,9417),(2022,3,'澎湖縣',1481,909),(2022,3,'金門縣',1335,644),(2022,3,'連江縣',282,764),(2018,2,'臺北市',62457,7672),(2018,2,'新北市',110003,30378),(2018,2,'桃園市',91457,39648),(2018,2,'臺中市',113208,42608),(2018,2,'臺南市',79562,29105),(2018,2,'高雄市',89590,41114),(2018,2,'基隆市',11265,4482),(2018,2,'新竹市',16707,3139),(2018,2,'嘉義市',11144,3174),(2018,2,'新竹縣',28488,8645),(2018,2,'苗栗縣',26569,11611),(2018,2,'彰化縣',44865,18423),(2018,2,'南投縣',24437,9673),(2018,2,'雲林縣',30196,15588),(2018,2,'嘉義縣',22522,11281),(2018,2,'屏東縣',33998,15451),(2018,2,'臺東縣',9128,4070),(2018,2,'花蓮縣',12483,6481),(2018,2,'宜蘭縣',18308,8266),(2018,2,'澎湖縣',1908,846),(2018,2,'金門縣',1728,1036),(2018,2,'連江縣',97,35),(2016,9,'臺北市',70017,8826),(2016,9,'新北市',112199,34588),(2016,9,'桃園市',89479,43335),(2016,9,'臺中市',110786,45723),(2016,9,'臺南市',73843,28024),(2016,9,'高雄市',88043,42355),(2016,9,'基隆市',11741,4887),(2016,9,'新竹市',17738,3343),(2016,9,'嘉義市',10525,2593),(2016,9,'新竹縣',27592,9758),(2016,9,'苗栗縣',23686,11939),(2016,9,'彰化縣',42323,17744),(2016,9,'南投縣',21955,9594),(2016,9,'雲林縣',26989,14258),(2016,9,'嘉義縣',19589,9734),(2016,9,'屏東縣',30579,15229),(2016,9,'臺東縣',7655,3544),(2016,9,'花蓮縣',11379,6076),(2016,9,'宜蘭縣',16388,8661),(2016,9,'澎湖縣',2136,1587),(2016,9,'金門縣',1564,1000),(2016,9,'連江縣',141,133),(2022,12,'臺北市',61417,8789),(2022,12,'新北市',116640,40802),(2022,12,'桃園市',102725,55079),(2022,12,'臺中市',123209,57624),(2022,12,'臺南市',83593,43309),(2022,12,'高雄市',91635,51868),(2022,12,'基隆市',12122,5749),(2022,12,'新竹市',18129,4983),(2022,12,'嘉義市',11320,3623),(2022,12,'新竹縣',30693,12813),(2022,12,'苗栗縣',27722,17992),(2022,12,'彰化縣',45130,24857),(2022,12,'南投縣',24536,12490),(2022,12,'雲林縣',30293,22008),(2022,12,'嘉義縣',21798,15013),(2022,12,'屏東縣',33850,20521),(2022,12,'臺東縣',8759,4695),(2022,12,'花蓮縣',12534,8215),(2022,12,'宜蘭縣',18945,10852),(2022,12,'澎湖縣',2158,1323),(2022,12,'金門縣',2050,1260),(2022,12,'連江縣',264,111),(2021,6,'臺北市',39039,6121),(2021,6,'新北市',77245,33514),(2021,6,'桃園市',67853,47366),(2021,6,'臺中市',78518,47788),(2021,6,'臺南市',57606,34474),(2021,6,'高雄市',64438,45798),(2021,6,'基隆市',8593,5157),(2021,6,'新竹市',11474,3778),(2021,6,'嘉義市',7479,2623),(2021,6,'新竹縣',19355,10697),(2021,6,'苗栗縣',17820,14756),(2021,6,'彰化縣',30970,20457),(2021,6,'南投縣',15484,8550),(2021,6,'雲林縣',20813,16945),(2021,6,'嘉義縣',15415,10414),(2021,6,'屏東縣',23823,15316),(2021,6,'臺東縣',6179,4249),(2021,6,'花蓮縣',8630,6724),(2021,6,'宜蘭縣',12595,9363),(2021,6,'澎湖縣',1682,1079),(2021,6,'金門縣',1335,944),(2021,6,'連江縣',245,154),(2021,10,'臺北市',64023,8922),(2021,10,'新北市',120479,42165),(2021,10,'桃園市',102417,57420),(2021,10,'臺中市',126127,61929),(2021,10,'臺南市',85895,45590),(2021,10,'高雄市',94985,58659),(2021,10,'基隆市',12836,6156),(2021,10,'新竹市',18661,5207),(2021,10,'嘉義市',11549,4037),(2021,10,'新竹縣',30842,12909),(2021,10,'苗栗縣',27741,18482),(2021,10,'彰化縣',48076,26574),(2021,10,'南投縣',25871,12816),(2021,10,'雲林縣',31218,21496),(2021,10,'嘉義縣',23434,14749),(2021,10,'屏東縣',36350,21867),(2021,10,'臺東縣',9396,5121),(2021,10,'花蓮縣',13985,7845),(2021,10,'宜蘭縣',20037,11111),(2021,10,'澎湖縣',2492,1824),(2021,10,'金門縣',2023,1546),(2021,10,'連江縣',209,175),(2017,10,'臺北市',70658,9694),(2017,10,'新北市',116154,36348),(2017,10,'桃園市',93191,46807),(2017,10,'臺中市',114035,49411),(2017,10,'臺南市',76909,31831),(2017,10,'高雄市',90432,47570),(2017,10,'基隆市',12036,5541),(2017,10,'新竹市',17050,3729),(2017,10,'嘉義市',10868,3321),(2017,10,'新竹縣',28775,10118),(2017,10,'苗栗縣',24939,13386),(2017,10,'彰化縣',43800,19908),(2017,10,'南投縣',23671,10698),(2017,10,'雲林縣',28804,16278),(2017,10,'嘉義縣',21644,11942),(2017,10,'屏東縣',32704,18132),(2017,10,'臺東縣',8330,4107),(2017,10,'花蓮縣',12193,6561),(2017,10,'宜蘭縣',17503,9446),(2017,10,'澎湖縣',1860,1174),(2017,10,'金門縣',1731,1422),(2017,10,'連江縣',201,108),(2016,8,'臺北市',79038,10658),(2016,8,'新北市',131643,42875),(2016,8,'桃園市',105895,54903),(2016,8,'臺中市',131605,57400),(2016,8,'臺南市',88540,37149),(2016,8,'高雄市',103234,52887),(2016,8,'基隆市',13308,5672),(2016,8,'新竹市',19972,4215),(2016,8,'嘉義市',12514,3571),(2016,8,'新竹縣',32087,11862),(2016,8,'苗栗縣',28978,15477),(2016,8,'彰化縣',50871,23121),(2016,8,'南投縣',27452,13211),(2016,8,'雲林縣',31835,18804),(2016,8,'嘉義縣',23781,14160),(2016,8,'屏東縣',37675,20297),(2016,8,'臺東縣',10217,5337),(2016,8,'花蓮縣',15576,9338),(2016,8,'宜蘭縣',21462,11629),(2016,8,'澎湖縣',2771,2367),(2016,8,'金門縣',2017,1550),(2016,8,'連江縣',267,667),(2020,3,'臺北市',61964,8288),(2020,3,'新北市',109183,36472),(2020,3,'桃園市',88425,49726),(2020,3,'臺中市',105829,51178),(2020,3,'臺南市',72099,36945),(2020,3,'高雄市',83703,50499),(2020,3,'基隆市',11060,5348),(2020,3,'新竹市',16379,3859),(2020,3,'嘉義市',10086,2769),(2020,3,'新竹縣',27480,11708),(2020,3,'苗栗縣',23669,14745),(2020,3,'彰化縣',40521,22108),(2020,3,'南投縣',21286,11265),(2020,3,'雲林縣',26760,19157),(2020,3,'嘉義縣',20149,12776),(2020,3,'屏東縣',30184,19651),(2020,3,'臺東縣',8072,3671),(2020,3,'花蓮縣',11820,6674),(2020,3,'宜蘭縣',16607,9860),(2020,3,'澎湖縣',1996,1114),(2020,3,'金門縣',1487,1082),(2020,3,'連江縣',183,104),(2020,8,'臺北市',68932,9134),(2020,8,'新北市',122199,40355),(2020,8,'桃園市',101150,52058),(2020,8,'臺中市',122483,55177),(2020,8,'臺南市',83091,36331),(2020,8,'高雄市',92929,49086),(2020,8,'基隆市',12508,5684),(2020,8,'新竹市',18675,4351),(2020,8,'嘉義市',11692,3125),(2020,8,'新竹縣',30309,11697),(2020,8,'苗栗縣',27483,15296),(2020,8,'彰化縣',46737,22572),(2020,8,'南投縣',25136,11191),(2020,8,'雲林縣',30986,18025),(2020,8,'嘉義縣',22510,12128),(2020,8,'屏東縣',35628,17075),(2020,8,'臺東縣',11749,4956),(2020,8,'花蓮縣',16374,7828),(2020,8,'宜蘭縣',20732,11016),(2020,8,'澎湖縣',3136,3410),(2020,8,'金門縣',1847,1282),(2020,8,'連江縣',260,916),(2021,3,'臺北市',61113,8235),(2021,3,'新北市',110463,38603),(2021,3,'桃園市',92518,51938),(2021,3,'臺中市',111021,54023),(2021,3,'臺南市',76344,40179),(2021,3,'高雄市',84660,52571),(2021,3,'基隆市',11714,5714),(2021,3,'新竹市',16756,4303),(2021,3,'嘉義市',10677,3095),(2021,3,'新竹縣',28281,11857),(2021,3,'苗栗縣',25070,16166),(2021,3,'彰化縣',42404,23145),(2021,3,'南投縣',23282,11209),(2021,3,'雲林縣',28136,19648),(2021,3,'嘉義縣',21086,13106),(2021,3,'屏東縣',31444,20356),(2021,3,'臺東縣',8225,3882),(2021,3,'花蓮縣',11911,6744),(2021,3,'宜蘭縣',17388,10054),(2021,3,'澎湖縣',2114,1158),(2021,3,'金門縣',1607,1012),(2021,3,'連江縣',253,233),(2018,12,'臺北市',68330,9893),(2018,12,'新北市',114704,38409),(2018,12,'桃園市',95276,51300),(2018,12,'臺中市',115561,54519),(2018,12,'臺南市',76740,36960),(2018,12,'高雄市',89705,52306),(2018,12,'基隆市',11694,5637),(2018,12,'新竹市',17484,4116),(2018,12,'嘉義市',10887,3473),(2018,12,'新竹縣',29410,11504),(2018,12,'苗栗縣',25889,15168),(2018,12,'彰化縣',44137,23137),(2018,12,'南投縣',23271,12708),(2018,12,'雲林縣',28692,19741),(2018,12,'嘉義縣',21120,14420),(2018,12,'屏東縣',31827,20883),(2018,12,'臺東縣',8541,5069),(2018,12,'花蓮縣',12415,8307),(2018,12,'宜蘭縣',18036,10510),(2018,12,'澎湖縣',2061,1092),(2018,12,'金門縣',1787,1702),(2018,12,'連江縣',200,585),(2019,7,'臺北市',67550,9910),(2019,7,'新北市',113343,38193),(2019,7,'桃園市',91320,50815),(2019,7,'臺中市',108788,52559),(2019,7,'臺南市',74058,33198),(2019,7,'高雄市',83809,45900),(2019,7,'基隆市',11717,5496),(2019,7,'新竹市',16374,3921),(2019,7,'嘉義市',10333,2908),(2019,7,'新竹縣',27956,11310),(2019,7,'苗栗縣',23651,14227),(2019,7,'彰化縣',41452,22576),(2019,7,'南投縣',21501,10932),(2019,7,'雲林縣',26924,17864),(2019,7,'嘉義縣',19444,11374),(2019,7,'屏東縣',30501,16788),(2019,7,'臺東縣',9519,4842),(2019,7,'花蓮縣',12732,7765),(2019,7,'宜蘭縣',17543,10269),(2019,7,'澎湖縣',2513,2524),(2019,7,'金門縣',1635,1754),(2019,7,'連江縣',203,636),(2019,4,'臺北市',62462,9873),(2019,4,'新北市',107530,39053),(2019,4,'桃園市',87726,52274),(2019,4,'臺中市',107185,55186),(2019,4,'臺南市',72978,38102),(2019,4,'高雄市',84019,53453),(2019,4,'基隆市',10898,5599),(2019,4,'新竹市',15752,4112),(2019,4,'嘉義市',10395,3495),(2019,4,'新竹縣',26511,11304),(2019,4,'苗栗縣',23965,14804),(2019,4,'彰化縣',41995,22648),(2019,4,'南投縣',21852,12382),(2019,4,'雲林縣',27920,18553),(2019,4,'嘉義縣',20671,13745),(2019,4,'屏東縣',30582,22181),(2019,4,'臺東縣',7986,5098),(2019,4,'花蓮縣',11609,8147),(2019,4,'宜蘭縣',16132,10078),(2019,4,'澎湖縣',2406,2227),(2019,4,'金門縣',1644,1845),(2019,4,'連江縣',251,716),(2018,5,'臺北市',68328,10033),(2018,5,'新北市',112160,37903),(2018,5,'桃園市',91072,49910),(2018,5,'臺中市',111179,52560),(2018,5,'臺南市',73615,33061),(2018,5,'高雄市',87746,51026),(2018,5,'基隆市',11714,5830),(2018,5,'新竹市',16866,3986),(2018,5,'嘉義市',10659,3294),(2018,5,'新竹縣',27400,11038),(2018,5,'苗栗縣',24445,14295),(2018,5,'彰化縣',42301,20381),(2018,5,'南投縣',22237,11348),(2018,5,'雲林縣',27982,17561),(2018,5,'嘉義縣',20476,12288),(2018,5,'屏東縣',30942,20436),(2018,5,'臺東縣',7726,4434),(2018,5,'花蓮縣',11386,7139),(2018,5,'宜蘭縣',16593,9967),(2018,5,'澎湖縣',2510,2543),(2018,5,'金門縣',1726,1384),(2018,5,'連江縣',262,686),(2019,8,'臺北市',68283,10217),(2019,8,'新北市',116503,39059),(2019,8,'桃園市',95519,51352),(2019,8,'臺中市',117098,52448),(2019,8,'臺南市',76931,33905),(2019,8,'高雄市',88738,46497),(2019,8,'基隆市',12015,5531),(2019,8,'新竹市',17467,4088),(2019,8,'嘉義市',11276,3078),(2019,8,'新竹縣',28690,11243),(2019,8,'苗栗縣',25349,13680),(2019,8,'彰化縣',44627,21353),(2019,8,'南投縣',22768,10918),(2019,8,'雲林縣',28728,17573),(2019,8,'嘉義縣',20527,11248),(2019,8,'屏東縣',31817,17133),(2019,8,'臺東縣',9293,4377),(2019,8,'花蓮縣',13628,7684),(2019,8,'宜蘭縣',18494,10047),(2019,8,'澎湖縣',2455,1980),(2019,8,'金門縣',1816,1674),(2019,8,'連江縣',243,121),(2022,2,'臺北市',50919,6348),(2022,2,'新北市',98830,29203),(2022,2,'桃園市',84695,41950),(2022,2,'臺中市',107285,43889),(2022,2,'臺南市',76863,34205),(2022,2,'高雄市',80885,43201),(2022,2,'基隆市',10662,4479),(2022,2,'新竹市',15511,3639),(2022,2,'嘉義市',10206,2757),(2022,2,'新竹縣',26099,9387),(2022,2,'苗栗縣',24747,13035),(2022,2,'彰化縣',42127,19938),(2022,2,'南投縣',23293,9434),(2022,2,'雲林縣',28635,16707),(2022,2,'嘉義縣',21365,11031),(2022,2,'屏東縣',33261,17194),(2022,2,'臺東縣',9276,3667),(2022,2,'花蓮縣',13255,6462),(2022,2,'宜蘭縣',17229,8219),(2022,2,'澎湖縣',1979,1012),(2022,2,'金門縣',1606,864),(2022,2,'連江縣',103,89),(2022,7,'臺北市',61913,8799),(2022,7,'新北市',116301,40569),(2022,7,'桃園市',97539,56129),(2022,7,'臺中市',114006,57086),(2022,7,'臺南市',81221,42155),(2022,7,'高雄市',87314,52744),(2022,7,'基隆市',11859,5922),(2022,7,'新竹市',17440,4724),(2022,7,'嘉義市',10707,3390),(2022,7,'新竹縣',30219,12989),(2022,7,'苗栗縣',25730,17932),(2022,7,'彰化縣',42669,25156),(2022,7,'南投縣',23309,11853),(2022,7,'雲林縣',28763,21512),(2022,7,'嘉義縣',21361,13916),(2022,7,'屏東縣',34232,20748),(2022,7,'臺東縣',11141,5306),(2022,7,'花蓮縣',14877,8215),(2022,7,'宜蘭縣',20189,11556),(2022,7,'澎湖縣',3056,2673),(2022,7,'金門縣',1899,1270),(2022,7,'連江縣',237,796),(2018,7,'臺北市',70106,9819),(2018,7,'新北市',118524,37855),(2018,7,'桃園市',96978,51324),(2018,7,'臺中市',117587,54084),(2018,7,'臺南市',77907,33520),(2018,7,'高雄市',91349,49305),(2018,7,'基隆市',12265,5914),(2018,7,'新竹市',17075,3971),(2018,7,'嘉義市',11165,3311),(2018,7,'新竹縣',29387,11556),(2018,7,'苗栗縣',25713,15174),(2018,7,'彰化縣',45171,23195),(2018,7,'南投縣',23419,11151),(2018,7,'雲林縣',29299,19609),(2018,7,'嘉義縣',21442,12848),(2018,7,'屏東縣',33198,18451),(2018,7,'臺東縣',10006,5886),(2018,7,'花蓮縣',13548,8299),(2018,7,'宜蘭縣',18872,11124),(2018,7,'澎湖縣',2588,2361),(2018,7,'金門縣',1821,1757),(2018,7,'連江縣',218,689),(2023,2,'臺北市',49470,6794),(2023,2,'新北市',92717,32991),(2023,2,'桃園市',78942,45461),(2023,2,'臺中市',94140,44951),(2023,2,'臺南市',64689,34132),(2023,2,'高雄市',69130,41017),(2023,2,'基隆市',9732,4642),(2023,2,'新竹市',14329,3957),(2023,2,'嘉義市',8863,2438),(2023,2,'新竹縣',25010,10400),(2023,2,'苗栗縣',22318,14421),(2023,2,'彰化縣',35231,19548),(2023,2,'南投縣',19664,9683),(2023,2,'雲林縣',24478,17461),(2023,2,'嘉義縣',17547,11583),(2023,2,'屏東縣',25451,16006),(2023,2,'臺東縣',7449,3345),(2023,2,'花蓮縣',9804,6327),(2023,2,'宜蘭縣',15393,8434),(2023,2,'澎湖縣',1516,947),(2023,2,'金門縣',1320,620),(2023,2,'連江縣',206,67),(2017,2,'臺北市',61031,7628),(2017,2,'新北市',103703,31838),(2017,2,'桃園市',85814,41162),(2017,2,'臺中市',107272,43720),(2017,2,'臺南市',73321,29759),(2017,2,'高雄市',83784,43220),(2017,2,'基隆市',10759,4398),(2017,2,'新竹市',16320,3143),(2017,2,'嘉義市',10025,2799),(2017,2,'新竹縣',27132,9150),(2017,2,'苗栗縣',24817,12233),(2017,2,'彰化縣',41446,18941),(2017,2,'南投縣',23413,10249),(2017,2,'雲林縣',27835,15780),(2017,2,'嘉義縣',20532,11914),(2017,2,'屏東縣',31332,17405),(2017,2,'臺東縣',8194,3742),(2017,2,'花蓮縣',11846,7244),(2017,2,'宜蘭縣',17183,9049),(2017,2,'澎湖縣',1842,793),(2017,2,'金門縣',1526,1056),(2017,2,'連江縣',160,525),(2021,1,'臺北市',60264,7977),(2021,1,'新北市',108234,38332),(2021,1,'桃園市',88097,50538),(2021,1,'臺中市',108103,52575),(2021,1,'臺南市',74458,38676),(2021,1,'高雄市',82661,50433),(2021,1,'基隆市',11436,5468),(2021,1,'新竹市',16622,4097),(2021,1,'嘉義市',10278,3062),(2021,1,'新竹縣',27955,12000),(2021,1,'苗栗縣',24389,16003),(2021,1,'彰化縣',41125,23108),(2021,1,'南投縣',21852,10685),(2021,1,'雲林縣',27215,19088),(2021,1,'嘉義縣',20039,13308),(2021,1,'屏東縣',29396,20592),(2021,1,'臺東縣',8228,4170),(2021,1,'花蓮縣',11688,6868),(2021,1,'宜蘭縣',17080,10383),(2021,1,'澎湖縣',1862,876),(2021,1,'金門縣',1573,1026),(2021,1,'連江縣',203,202),(2022,5,'臺北市',49264,7155),(2022,5,'新北市',95184,35508),(2022,5,'桃園市',81666,49981),(2022,5,'臺中市',103009,51679),(2022,5,'臺南市',71332,38236),(2022,5,'高雄市',79613,49361),(2022,5,'基隆市',9887,5328),(2022,5,'新竹市',15011,4273),(2022,5,'嘉義市',9679,2964),(2022,5,'新竹縣',24990,11116),(2022,5,'苗栗縣',22696,15542),(2022,5,'彰化縣',39212,21431),(2022,5,'南投縣',19972,9901),(2022,5,'雲林縣',25879,17794),(2022,5,'嘉義縣',19142,11884),(2022,5,'屏東縣',29708,18220),(2022,5,'臺東縣',7764,3858),(2022,5,'花蓮縣',10452,6596),(2022,5,'宜蘭縣',15663,9407),(2022,5,'澎湖縣',2280,2081),(2022,5,'金門縣',1619,1080),(2022,5,'連江縣',254,840),(2016,5,'臺北市',72415,9524),(2016,5,'新北市',117398,38929),(2016,5,'桃園市',93036,48020),(2016,5,'臺中市',112177,51181),(2016,5,'臺南市',76457,33915),(2016,5,'高雄市',90262,48544),(2016,5,'基隆市',12270,5371),(2016,5,'新竹市',18077,3890),(2016,5,'嘉義市',10701,2953),(2016,5,'新竹縣',28282,10532),(2016,5,'苗栗縣',25173,13599),(2016,5,'彰化縣',43356,19751),(2016,5,'南投縣',23058,11591),(2016,5,'雲林縣',27731,15876),(2016,5,'嘉義縣',20605,12323),(2016,5,'屏東縣',32196,18739),(2016,5,'臺東縣',7959,4464),(2016,5,'花蓮縣',12008,7561),(2016,5,'宜蘭縣',17020,10146),(2016,5,'澎湖縣',2265,2710),(2016,5,'金門縣',1575,1192),(2016,5,'連江縣',266,151),(2022,6,'臺北市',56064,7967),(2022,6,'新北市',108292,37988),(2022,6,'桃園市',91264,52654),(2022,6,'臺中市',107408,53380),(2022,6,'臺南市',75458,41324),(2022,6,'高雄市',81007,50282),(2022,6,'基隆市',11121,5760),(2022,6,'新竹市',15981,4550),(2022,6,'嘉義市',10124,3393),(2022,6,'新竹縣',26948,11682),(2022,6,'苗栗縣',24056,16261),(2022,6,'彰化縣',40410,23444),(2022,6,'南投縣',21545,10540),(2022,6,'雲林縣',27487,20314),(2022,6,'嘉義縣',19998,14292),(2022,6,'屏東縣',32112,19161),(2022,6,'臺東縣',8775,5300),(2022,6,'花蓮縣',12491,8154),(2022,6,'宜蘭縣',17678,10197),(2022,6,'澎湖縣',2797,2769),(2022,6,'金門縣',1631,1018),(2022,6,'連江縣',264,262),(2019,12,'臺北市',64692,9490),(2019,12,'新北市',111083,39034),(2019,12,'桃園市',94032,51858),(2019,12,'臺中市',111297,53138),(2019,12,'臺南市',76450,37657),(2019,12,'高雄市',86367,50460),(2019,12,'基隆市',11588,5708),(2019,12,'新竹市',17287,4029),(2019,12,'嘉義市',10738,3387),(2019,12,'新竹縣',28610,11632),(2019,12,'苗栗縣',25469,14996),(2019,12,'彰化縣',42771,22877),(2019,12,'南投縣',22609,12313),(2019,12,'雲林縣',27422,18850),(2019,12,'嘉義縣',20262,13558),(2019,12,'屏東縣',30688,20195),(2019,12,'臺東縣',7682,4260),(2019,12,'花蓮縣',11530,7547),(2019,12,'宜蘭縣',17284,10468),(2019,12,'澎湖縣',2017,1142),(2019,12,'金門縣',1760,1669),(2019,12,'連江縣',185,633),(2022,10,'臺北市',59072,8587),(2022,10,'新北市',112360,39850),(2022,10,'桃園市',96282,53060),(2022,10,'臺中市',115486,55433),(2022,10,'臺南市',82387,42496),(2022,10,'高雄市',89368,52023),(2022,10,'基隆市',11733,5545),(2022,10,'新竹市',17355,4641),(2022,10,'嘉義市',11050,3368),(2022,10,'新竹縣',29573,12300),(2022,10,'苗栗縣',26035,17456),(2022,10,'彰化縣',43947,23527),(2022,10,'南投縣',23902,12130),(2022,10,'雲林縣',30344,20474),(2022,10,'嘉義縣',22463,14019),(2022,10,'屏東縣',33765,21392),(2022,10,'臺東縣',8828,4534),(2022,10,'花蓮縣',12642,7542),(2022,10,'宜蘭縣',18181,9695),(2022,10,'澎湖縣',2244,1563),(2022,10,'金門縣',1944,1316),(2022,10,'連江縣',166,838),(2020,4,'臺北市',57435,7801),(2020,4,'新北市',104714,34832),(2020,4,'桃園市',86104,47452),(2020,4,'臺中市',106037,50526),(2020,4,'臺南市',73037,36559),(2020,4,'高雄市',83291,50091),(2020,4,'基隆市',10865,5108),(2020,4,'新竹市',15798,3786),(2020,4,'嘉義市',10113,3338),(2020,4,'新竹縣',26213,10766),(2020,4,'苗栗縣',24062,14040),(2020,4,'彰化縣',41784,21846),(2020,4,'南投縣',21985,11472),(2020,4,'雲林縣',27250,19483),(2020,4,'嘉義縣',20275,13395),(2020,4,'屏東縣',31021,19060),(2020,4,'臺東縣',8402,3887),(2020,4,'花蓮縣',12479,6903),(2020,4,'宜蘭縣',16452,9776),(2020,4,'澎湖縣',1977,1318),(2020,4,'金門縣',1643,1396),(2020,4,'連江縣',207,120),(2018,4,'臺北市',65148,9240),(2018,4,'新北市',112751,35789),(2018,4,'桃園市',89894,47168),(2018,4,'臺中市',112438,50428),(2018,4,'臺南市',76934,33360),(2018,4,'高雄市',88633,49353),(2018,4,'基隆市',11397,5550),(2018,4,'新竹市',16702,3723),(2018,4,'嘉義市',10832,3393),(2018,4,'新竹縣',27766,10522),(2018,4,'苗栗縣',25330,13963),(2018,4,'彰化縣',44283,20711),(2018,4,'南投縣',23494,11589),(2018,4,'雲林縣',29398,17900),(2018,4,'嘉義縣',22231,12567),(2018,4,'屏東縣',33055,20267),(2018,4,'臺東縣',8968,4739),(2018,4,'花蓮縣',12921,7055),(2018,4,'宜蘭縣',17418,9849),(2018,4,'澎湖縣',2414,2021),(2018,4,'金門縣',1714,1496),(2018,4,'連江縣',201,152),(2019,1,'臺北市',68583,9747),(2019,1,'新北市',117926,39796),(2019,1,'桃園市',100120,55134),(2019,1,'臺中市',121880,58497),(2019,1,'臺南市',79590,39293),(2019,1,'高雄市',93658,54050),(2019,1,'基隆市',11876,5797),(2019,1,'新竹市',17948,4144),(2019,1,'嘉義市',11454,3548),(2019,1,'新竹縣',29624,12250),(2019,1,'苗栗縣',27503,16227),(2019,1,'彰化縣',47156,25334),(2019,1,'南投縣',24371,12880),(2019,1,'雲林縣',29447,20930),(2019,1,'嘉義縣',21949,15324),(2019,1,'屏東縣',33925,22601),(2019,1,'臺東縣',8720,5378),(2019,1,'花蓮縣',12691,8629),(2019,1,'宜蘭縣',18660,11194),(2019,1,'澎湖縣',2061,1295),(2019,1,'金門縣',1867,1732),(2019,1,'連江縣',213,160),(2020,6,'臺北市',64407,8449),(2020,6,'新北市',115028,37233),(2020,6,'桃園市',93083,46616),(2020,6,'臺中市',111798,49497),(2020,6,'臺南市',78062,34908),(2020,6,'高雄市',86709,46668),(2020,6,'基隆市',12003,5325),(2020,6,'新竹市',17179,3985),(2020,6,'嘉義市',10939,2841),(2020,6,'新竹縣',28883,10826),(2020,6,'苗栗縣',25588,13676),(2020,6,'彰化縣',43346,21223),(2020,6,'南投縣',23531,10489),(2020,6,'雲林縣',28702,17853),(2020,6,'嘉義縣',21599,12624),(2020,6,'屏東縣',33277,17993),(2020,6,'臺東縣',9293,4674),(2020,6,'花蓮縣',13896,7091),(2020,6,'宜蘭縣',18520,10244),(2020,6,'澎湖縣',2451,1818),(2020,6,'金門縣',1620,1130),(2020,6,'連江縣',226,113),(2020,11,'臺北市',64277,9113),(2020,11,'新北市',119804,43063),(2020,11,'桃園市',101149,56958),(2020,11,'臺中市',125318,61489),(2020,11,'臺南市',84143,42348),(2020,11,'高雄市',94887,56626),(2020,11,'基隆市',12095,6006),(2020,11,'新竹市',18579,4823),(2020,11,'嘉義市',11573,3921),(2020,11,'新竹縣',30373,13176),(2020,11,'苗栗縣',28123,17751),(2020,11,'彰化縣',47379,26513),(2020,11,'南投縣',25158,12806),(2020,11,'雲林縣',30776,20934),(2020,11,'嘉義縣',22763,15145),(2020,11,'屏東縣',34884,21281),(2020,11,'臺東縣',9043,5394),(2020,11,'花蓮縣',13519,8406),(2020,11,'宜蘭縣',19526,11611),(2020,11,'澎湖縣',2210,1216),(2020,11,'金門縣',1961,1438),(2020,11,'連江縣',198,141),(2018,3,'臺北市',68841,9789),(2018,3,'新北市',117468,40310),(2018,3,'桃園市',94920,52447),(2018,3,'臺中市',116708,55820),(2018,3,'臺南市',77439,37271),(2018,3,'高雄市',90336,53228),(2018,3,'基隆市',11983,5919),(2018,3,'新竹市',17729,4224),(2018,3,'嘉義市',10925,3899),(2018,3,'新竹縣',29196,11889),(2018,3,'苗栗縣',26377,15959),(2018,3,'彰化縣',44925,22951),(2018,3,'南投縣',23259,12455),(2018,3,'雲林縣',28660,19221),(2018,3,'嘉義縣',21835,13912),(2018,3,'屏東縣',31986,20378),(2018,3,'臺東縣',7963,4545),(2018,3,'花蓮縣',11788,7873),(2018,3,'宜蘭縣',17783,10922),(2018,3,'澎湖縣',2299,1355),(2018,3,'金門縣',1741,1566),(2018,3,'連江縣',257,628),(2021,7,'臺北市',49024,6858),(2021,7,'新北市',94881,35579),(2021,7,'桃園市',81146,50632),(2021,7,'臺中市',95955,54023),(2021,7,'臺南市',66041,39472),(2021,7,'高雄市',74272,50449),(2021,7,'基隆市',10176,5339),(2021,7,'新竹市',13823,4064),(2021,7,'嘉義市',8737,2957),(2021,7,'新竹縣',23629,11726),(2021,7,'苗栗縣',21097,16773),(2021,7,'彰化縣',37148,23684),(2021,7,'南投縣',18884,9868),(2021,7,'雲林縣',24301,20025),(2021,7,'嘉義縣',17716,12748),(2021,7,'屏東縣',26752,16355),(2021,7,'臺東縣',7197,4035),(2021,7,'花蓮縣',10455,6912),(2021,7,'宜蘭縣',15077,9779),(2021,7,'澎湖縣',1823,1108),(2021,7,'金門縣',1550,1010),(2021,7,'連江縣',144,750),(2017,11,'臺北市',67176,9787),(2017,11,'新北市',110242,37784),(2017,11,'桃園市',89510,50327),(2017,11,'臺中市',109763,53239),(2017,11,'臺南市',72040,34310),(2017,11,'高雄市',85708,50056),(2017,11,'基隆市',11324,5852),(2017,11,'新竹市',16806,4025),(2017,11,'嘉義市',10103,3460),(2017,11,'新竹縣',27669,11119),(2017,11,'苗栗縣',24160,14497),(2017,11,'彰化縣',42037,22244),(2017,11,'南投縣',21823,11746),(2017,11,'雲林縣',26644,18391),(2017,11,'嘉義縣',19714,13437),(2017,11,'屏東縣',29792,19370),(2017,11,'臺東縣',7550,5323),(2017,11,'花蓮縣',11123,7990),(2017,11,'宜蘭縣',16537,10273),(2017,11,'澎湖縣',1854,955),(2017,11,'金門縣',1523,1431),(2017,11,'連江縣',175,673),(2022,11,'臺北市',57396,8042),(2022,11,'新北市',105688,37986),(2022,11,'桃園市',88280,51156),(2022,11,'臺中市',104580,52466),(2022,11,'臺南市',71428,38654),(2022,11,'高雄市',77517,46803),(2022,11,'基隆市',10886,5502),(2022,11,'新竹市',15922,4513),(2022,11,'嘉義市',9685,2970),(2022,11,'新竹縣',27573,11795),(2022,11,'苗栗縣',23749,16435),(2022,11,'彰化縣',38744,22167),(2022,11,'南投縣',21347,11031),(2022,11,'雲林縣',26223,19267),(2022,11,'嘉義縣',19433,13226),(2022,11,'屏東縣',28116,17772),(2022,11,'臺東縣',7695,4244),(2022,11,'花蓮縣',10810,7052),(2022,11,'宜蘭縣',16539,9252),(2022,11,'澎湖縣',1761,1121),(2022,11,'金門縣',1695,954),(2022,11,'連江縣',213,690),(2017,1,'臺北市',69910,8240),(2017,1,'新北市',115738,33662),(2017,1,'桃園市',91684,43962),(2017,1,'臺中市',112462,44725),(2017,1,'臺南市',78431,30256),(2017,1,'高雄市',91148,44180),(2017,1,'基隆市',12280,4807),(2017,1,'新竹市',17896,3277),(2017,1,'嘉義市',10940,2883),(2017,1,'新竹縣',29444,10263),(2017,1,'苗栗縣',26473,12791),(2017,1,'彰化縣',44475,18854),(2017,1,'南投縣',24517,9809),(2017,1,'雲林縣',29784,15967),(2017,1,'嘉義縣',22245,11874),(2017,1,'屏東縣',33475,18013),(2017,1,'臺東縣',9492,4019),(2017,1,'花蓮縣',13228,6965),(2017,1,'宜蘭縣',18336,9310),(2017,1,'澎湖縣',1748,935),(2017,1,'金門縣',1691,904),(2017,1,'連江縣',198,106),(2023,1,'臺北市',56825,7153),(2023,1,'新北市',110936,32622),(2023,1,'桃園市',93161,45067),(2023,1,'臺中市',113245,45446),(2023,1,'臺南市',82971,34298),(2023,1,'高雄市',87932,42603),(2023,1,'基隆市',11912,4792),(2023,1,'新竹市',16841,3813),(2023,1,'嘉義市',11083,2888),(2023,1,'新竹縣',29604,10372),(2023,1,'苗栗縣',27252,14092),(2023,1,'彰化縣',44874,20183),(2023,1,'南投縣',25084,10329),(2023,1,'雲林縣',31539,18153),(2023,1,'嘉義縣',23280,12198),(2023,1,'屏東縣',35785,17553),(2023,1,'臺東縣',10271,4007),(2023,1,'花蓮縣',14227,6678),(2023,1,'宜蘭縣',19459,8520),(2023,1,'澎湖縣',2115,1073),(2023,1,'金門縣',1870,820),(2023,1,'連江縣',179,731),(2016,6,'臺北市',73114,9276),(2016,6,'新北市',118871,38234),(2016,6,'桃園市',94907,47916),(2016,6,'臺中市',114997,50240),(2016,6,'臺南市',77463,32865),(2016,6,'高雄市',91648,46584),(2016,6,'基隆市',12319,5373),(2016,6,'新竹市',18451,3772),(2016,6,'嘉義市',10828,3155),(2016,6,'新竹縣',28754,10650),(2016,6,'苗栗縣',25436,13436),(2016,6,'彰化縣',43917,20078),(2016,6,'南投縣',23138,11185),(2016,6,'雲林縣',28084,16222),(2016,6,'嘉義縣',20842,12239),(2016,6,'屏東縣',33517,17925),(2016,6,'臺東縣',8612,5412),(2016,6,'花蓮縣',12625,8261),(2016,6,'宜蘭縣',18296,10423),(2016,6,'澎湖縣',2558,2729),(2016,6,'金門縣',1791,1230),(2016,6,'連江縣',235,688),(2016,4,'臺北市',70646,9519),(2016,4,'新北市',119201,39219),(2016,4,'桃園市',94306,48962),(2016,4,'臺中市',119291,53895),(2016,4,'臺南市',81959,35316),(2016,4,'高雄市',96105,50338),(2016,4,'基隆市',12231,5401),(2016,4,'新竹市',18327,3956),(2016,4,'嘉義市',11220,3305),(2016,4,'新竹縣',29064,10727),(2016,4,'苗栗縣',26542,14594),(2016,4,'彰化縣',47004,21420),(2016,4,'南投縣',24290,12076),(2016,4,'雲林縣',30073,17389),(2016,4,'嘉義縣',22886,13053),(2016,4,'屏東縣',35145,19937),(2016,4,'臺東縣',9222,4805),(2016,4,'花蓮縣',13247,8505),(2016,4,'宜蘭縣',18297,10685),(2016,4,'澎湖縣',2571,2121),(2016,4,'金門縣',1755,1371),(2016,4,'連江縣',188,131),(2021,8,'臺北市',57765,7767),(2021,8,'新北市',107353,37640),(2021,8,'桃園市',89957,52530),(2021,8,'臺中市',105406,52854),(2021,8,'臺南市',74908,37676),(2021,8,'高雄市',82039,48526),(2021,8,'基隆市',11474,5631),(2021,8,'新竹市',15696,4255),(2021,8,'嘉義市',9702,3032),(2021,8,'新竹縣',27192,11842),(2021,8,'苗栗縣',24311,16177),(2021,8,'彰化縣',40615,21948),(2021,8,'南投縣',21244,9721),(2021,8,'雲林縣',27406,18598),(2021,8,'嘉義縣',19595,11406),(2021,8,'屏東縣',31014,16678),(2021,8,'臺東縣',9097,3717),(2021,8,'花蓮縣',13274,7004),(2021,8,'宜蘭縣',17984,10326),(2021,8,'澎湖縣',2323,1317),(2021,8,'金門縣',1667,1062),(2021,8,'連江縣',194,169),(2022,8,'臺北市',61588,8458),(2022,8,'新北市',114464,39928),(2022,8,'桃園市',93591,52538),(2022,8,'臺中市',113485,54173),(2022,8,'臺南市',77071,38880),(2022,8,'高雄市',83461,48917),(2022,8,'基隆市',11768,5656),(2022,8,'新竹市',16805,4486),(2022,8,'嘉義市',10433,2858),(2022,8,'新竹縣',28918,11899),(2022,8,'苗栗縣',24850,16516),(2022,8,'彰化縣',41690,21965),(2022,8,'南投縣',22745,10834),(2022,8,'雲林縣',28074,19075),(2022,8,'嘉義縣',20362,11853),(2022,8,'屏東縣',32334,18841),(2022,8,'臺東縣',10393,4665),(2022,8,'花蓮縣',14370,7273),(2022,8,'宜蘭縣',19452,10305),(2022,8,'澎湖縣',2639,2690),(2022,8,'金門縣',1637,1032),(2022,8,'連江縣',303,825),(2023,7,'臺北市',61218,8628),(2023,7,'新北市',119884,40436),(2023,7,'桃園市',103605,54311),(2023,7,'臺中市',123097,53597),(2023,7,'臺南市',84203,38126),(2023,7,'高雄市',90224,45820),(2023,7,'基隆市',12482,5598),(2023,7,'新竹市',18120,4459),(2023,7,'嘉義市',11367,3165),(2023,7,'新竹縣',31095,12368),(2023,7,'苗栗縣',27948,16809),(2023,7,'彰化縣',47077,23563),(2023,7,'南投縣',24702,11365),(2023,7,'雲林縣',31095,20213),(2023,7,'嘉義縣',22622,13141),(2023,7,'屏東縣',34901,17421),(2023,7,'臺東縣',10196,4922),(2023,7,'花蓮縣',14100,7682),(2023,7,'宜蘭縣',20411,11091),(2023,7,'澎湖縣',2887,2656),(2023,7,'金門縣',2090,1160),(2023,7,'連江縣',256,1168),(2023,6,'臺北市',56916,8664),(2023,6,'新北市',107580,39865),(2023,6,'桃園市',91765,54156),(2023,6,'臺中市',110326,54961),(2023,6,'臺南市',77423,39254),(2023,6,'高雄市',83409,48802),(2023,6,'基隆市',11374,5593),(2023,6,'新竹市',16502,4501),(2023,6,'嘉義市',10306,3209),(2023,6,'新竹縣',28292,12003),(2023,6,'苗栗縣',25099,16293),(2023,6,'彰化縣',41815,23557),(2023,6,'南投縣',22521,11505),(2023,6,'雲林縣',28698,20279),(2023,6,'嘉義縣',21027,13459),(2023,6,'屏東縣',32135,18648),(2023,6,'臺東縣',8563,5275),(2023,6,'花蓮縣',12403,8148),(2023,6,'宜蘭縣',17751,10385),(2023,6,'澎湖縣',2864,3576),(2023,6,'金門縣',1830,1140),(2023,6,'連江縣',270,904);
/*!40000 ALTER TABLE `fuel` ENABLE KEYS */;
UNLOCK TABLES;
/*!40103 SET TIME_ZONE=@OLD_TIME_ZONE */;

/*!40101 SET SQL_MODE=@OLD_SQL_MODE */;
/*!40014 SET FOREIGN_KEY_CHECKS=@OLD_FOREIGN_KEY_CHECKS */;
/*!40014 SET UNIQUE_CHECKS=@OLD_UNIQUE_CHECKS */;
/*!40101 SET CHARACTER_SET_CLIENT=@OLD_CHARACTER_SET_CLIENT */;
/*!40101 SET CHARACTER_SET_RESULTS=@OLD_CHARACTER_SET_RESULTS */;
/*!40101 SET COLLATION_CONNECTION=@OLD_COLLATION_CONNECTION */;
/*!40111 SET SQL_NOTES=@OLD_SQL_NOTES */;

-- Dump completed on 2023-12-11 12:39:16
